Workbook
Name Slicer_Month: #N/A
Name Slicer_Month1: #N/A
Name Slicer_Month2: #N/A

Sheet Charge
A1: Charge_id | B1: Subscription ID | C1: Customer ID | D1: Charge Date | E1: Amount | F1: Status | G1: Payment Method
A2: CHG95000 | B2: SUB8003 | C2: CUS4626 | D2: 45505 | E2: 999 | F2: Paid | G2: Card
A3: CHG95001 | B3: SUB8003 | C3: CUS4626 | D3: 45536 | E3: 999 | F3: Paid | G3: Card
A4: CHG95002 | B4: SUB8004 | C4: CUS4128 | D4: 45507 | E4: 2499 | F4: Paid | G4: Card
A5: CHG95003 | B5: SUB8004 | C5: CUS4128 | D5: 45539 | E5: 2499 | F5: Paid | G5: Card
A6: CHG95004 | B6: SUB8005 | C6: CUS4019 | D6: 45326 | E6: 999 | F6: Paid | G6: Card
A7: CHG95005 | B7: SUB8005 | C7: CUS4019 | D7: 45353 | E7: 999 | F7: Paid | G7: Card
A8: CHG95006 | B8: SUB8005 | C8: CUS4019 | D8: 45383 | E8: 999 | F8: Paid | G8: Card
A9: CHG95007 | B9: SUB8005 | C9: CUS4019 | D9: 45415 | E9: 999 | F9: Paid | G9: PayPal
A10: CHG95008 | B10: SUB8005 | C10: CUS4019 | D10: 45444 | E10: 999 | F10: Paid | G10: UPI
A11: CHG95009 | B11: SUB8005 | C11: CUS4019 | D11: 45476 | E11: 999 | F11: Paid | G11: Card
A12: CHG95010 | B12: SUB8005 | C12: CUS4019 | D12: 45508 | E12: 999 | F12: Paid | G12: Card
A13: CHG95011 | B13: SUB8005 | C13: CUS4019 | D13: 45537 | E13: 999 | F13: Paid | G13: Card
... A4006: CHG99004 | B4006: SUB9199 | C4006: CUS4062 | D4006: 45538 | E4006: 2499 | F4006: Paid | G4006: Wire

Sheet Subscription
A1: Subscription ID | B1: Customer ID | C1: Plan Type | D1: Monthly Price | E1: Subscription Start | F1: Subscription Status | G1: Churn Date | H1: Active | I1: New | J1: Churned | K1: Month | L1: Satrt Date | M1: End Date | N1: 1 For Active | O1: 2 For Active | P1: Month2
A2: SUB8191 | B2: CUS4528 | C2: Pro | D2: 2499 | E2: 45558 | F2: Active | H2: =IF(AND(E2 <= $M2, OR(G2 = "", G2 > $M2)), "Yes", "No") -> Yes | I2: =IF(AND(E2>=$M2,E2<=$M2),"Yes","No") -> No | J2: =IF(AND(G2<> " ",G2>=$L2,G2<=$M2),"Yes","No") -> No | K2: =MONTH(Table2[[#This Row],[Subscription Start]]) -> 9 | L2: =DATE(2024,Table2[[#This Row],[Month]],1) -> 45536 | M2: =DATE(2024,Table2[[#This Row],[Month]],30) -> 45565 | N2: =IF(Table2[[#This Row],[Active]]="Yes",1,0) -> 1 | O2: =IF(Table2[[#This Row],[Churned]]="Yes",1,0) -> 0 | P2: Sep
A3: SUB9172 | B3: CUS4058 | C3: Basic | D3: 999 | E3: 45557 | F3: Active | H3: =IF(AND(E3 <= $M3, OR(G3 = "", G3 > $M3)), "Yes", "No") -> Yes | I3: =IF(AND(E3>=$M3,E3<=$M3),"Yes","No") -> No | J3: =IF(AND(G3<> " ",G3>=$L3,G3<=$M3),"Yes","No") -> No | K3: =MONTH(Table2[[#This Row],[Subscription Start]]) -> 9 | L3: =DATE(2024,Table2[[#This Row],[Month]],1) -> 45536 | M3: =DATE(2024,Table2[[#This Row],[Month]],30) -> 45565 | N3: =IF(Table2[[#This Row],[Active]]="Yes",1,0) -> 1 | O3: =IF(Table2[[#This Row],[Churned]]="Yes",1,0) -> 0 | P3: Sep
A4: SUB8240 | B4: CUS4788 | C4: Basic | D4: 999 | E4: 45556 | F4: Canceled | G4: 45565 | H4: =IF(AND(E4 <= $M4, OR(G4 = "", G4 > $M4)), "Yes", "No") -> No | I4: =IF(AND(E4>=$M4,E4<=$M4),"Yes","No") -> No | J4: =IF(AND(G4<> " ",G4>=$L4,G4<=$M4),"Yes","No") -> Yes | K4: =MONTH(Table2[[#This Row],[Subscription Start]]) -> 9 | L4: =DATE(2024,Table2[[#This Row],[Month]],1) -> 45536 | M4: =DATE(2024,Table2[[#This Row],[Month]],30) -> 45565 | N4: =IF(Table2[[#This Row],[Active]]="Yes",1,0) -> 0 | O4: =IF(Table2[[#This Row],[Churned]]="Yes",1,0) -> 1 | P4: Sep
A5: SUB8440 | B5: CUS4621 | C5: Pro | D5: 2499 | E5: 45555 | F5: Canceled | G5: 45565 | H5: =IF(AND(E5 <= $M5, OR(G5 = "", G5 > $M5)), "Yes", "No") -> No | I5: =IF(AND(E5>=$M5,E5<=$M5),"Yes","No") -> No | J5: =IF(AND(G5<> " ",G5>=$L5,G5<=$M5),"Yes","No") -> Yes | K5: =MONTH(Table2[[#This Row],[Subscription Start]]) -> 9 | L5: =DATE(2024,Table2[[#This Row],[Month]],1) -> 45536 | M5: =DATE(2024,Table2[[#This Row],[Month]],30) -> 45565 | N5: =IF(Table2[[#This Row],[Active]]="Yes",1,0) -> 0 | O5: =IF(Table2[[#This Row],[Churned]]="Yes",1,0) -> 1 | P5: Sep
A6: SUB8217 | B6: CUS4383 | C6: Basic | D6: 999 | E6: 45553 | F6: Active | H6: =IF(AND(E6 <= $M6, OR(G6 = "", G6 > $M6)), "Yes", "No") -> Yes | I6: =IF(AND(E6>=$M6,E6<=$M6),"Yes","No") -> No | J6: =IF(AND(G6<> " ",G6>=$L6,G6<=$M6),"Yes","No") -> No | K6: =MONTH(Table2[[#This Row],[Subscription Start]]) -> 9 | L6: =DATE(2024,Table2[[#This Row],[Month]],1) -> 45536 | M6: =DATE(2024,Table2[[#This Row],[Month]],30) -> 45565 | N6: =IF(Table2[[#This Row],[Active]]="Yes",1,0) -> 1 | O6: =IF(Table2[[#This Row],[Churned]]="Yes",1,0) -> 0 | P6: Sep
A7: SUB8277 | B7: CUS4627 | C7: Basic | D7: 999 | E7: 45553 | F7: Active | H7: =IF(AND(E7 <= $M7, OR(G7 = "", G7 > $M7)), "Yes", "No") -> Yes | I7: =IF(AND(E7>=$M7,E7<=$M7),"Yes","No") -> No | J7: =IF(AND(G7<> " ",G7>=$L7,G7<=$M7),"Yes","No") -> No | K7: =MONTH(Table2[[#This Row],[Subscription Start]]) -> 9 | L7: =DATE(2024,Table2[[#This Row],[Month]],1) -> 45536 | M7: =DATE(2024,Table2[[#This Row],[Month]],30) -> 45565 | N7: =IF(Table2[[#This Row],[Active]]="Yes",1,0) -> 1 | O7: =IF(Table2[[#This Row],[Churned]]="Yes",1,0) -> 0 | P7: Sep | R7: Sep
A8: SUB8538 | B8: CUS4577 | C8: Enterprise | D8: 9999 | E8: 45553 | F8: Canceled | G8: 45565 | H8: =IF(AND(E8 <= $M8, OR(G8 = "", G8 > $M8)), "Yes", "No") -> No | I8: =IF(AND(E8>=$M8,E8<=$M8),"Yes","No") -> No | J8: =IF(AND(G8<> " ",G8>=$L8,G8<=$M8),"Yes","No") -> Yes | K8: =MONTH(Table2[[#This Row],[Subscription Start]]) -> 9 | L8: =DATE(2024,Table2[[#This Row],[Month]],1) -> 45536 | M8: =DATE(2024,Table2[[#This Row],[Month]],30) -> 45565 | N8: =IF(Table2[[#This Row],[Active]]="Yes",1,0) -> 0 | O8: =IF(Table2[[#This Row],[Churned]]="Yes",1,0) -> 1 | P8: Sep | R8: Sep
A9: SUB8792 | B9: CUS4437 | C9: Basic | D9: 999 | E9: 45553 | F9: Active | H9: =IF(AND(E9 <= $M9, OR(G9 = "", G9 > $M9)), "Yes", "No") -> Yes | I9: =IF(AND(E9>=$M9,E9<=$M9),"Yes","No") -> No | J9: =IF(AND(G9<> " ",G9>=$L9,G9<=$M9),"Yes","No") -> No | K9: =MONTH(Table2[[#This Row],[Subscription Start]]) -> 9 | L9: =DATE(2024,Table2[[#This Row],[Month]],1) -> 45536 | M9: =DATE(2024,Table2[[#This Row],[Month]],30) -> 45565 | N9: =IF(Table2[[#This Row],[Active]]="Yes",1,0) -> 1 | O9: =IF(Table2[[#This Row],[Churned]]="Yes",1,0) -> 0 | P9: Sep | R9: Sep
A10: SUB8200 | B10: CUS4271 | C10: Pro | D10: 2499 | E10: 45552 | F10: Active | H10: =IF(AND(E10 <= $M10, OR(G10 = "", G10 > $M10)), "Yes", "No") -> Yes | I10: =IF(AND(E10>=$M10,E10<=$M10),"Yes","No") -> No | J10: =IF(AND(G10<> " ",G10>=$L10,G10<=$M10),"Yes","No") -> No | K10: =MONTH(Table2[[#This Row],[Subscription Start]]) -> 9 | L10: =DATE(2024,Table2[[#This Row],[Month]],1) -> 45536 | M10: =DATE(2024,Table2[[#This Row],[Month]],30) -> 45565 | N10: =IF(Table2[[#This Row],[Active]]="Yes",1,0) -> 1 | O10: =IF(Table2[[#This Row],[Churned]]="Yes",1,0) -> 0 | P10: Sep | R10: Sep
A11: SUB8630 | B11: CUS4292 | C11: Free | D11: 0 | E11: 45552 | F11: Active | H11: =IF(AND(E11 <= $M11, OR(G11 = "", G11 > $M11)), "Yes", "No") -> Yes | I11: =IF(AND(E11>=$M11,E11<=$M11),"Yes","No") -> No | J11: =IF(AND(G11<> " ",G11>=$L11,G11<=$M11),"Yes","No") -> No | K11: =MONTH(Table2[[#This Row],[Subscription Start]]) -> 9 | L11: =DATE(2024,Table2[[#This Row],[Month]],1) -> 45536 | M11: =DATE(2024,Table2[[#This Row],[Month]],30) -> 45565 | N11: =IF(Table2[[#This Row],[Active]]="Yes",1,0) -> 1 | O11: =IF(Table2[[#This Row],[Churned]]="Yes",1,0) -> 0 | P11: Sep
A12: SUB8821 | B12: CUS4039 | C12: Pro | D12: 2499 | E12: 45552 | F12: Canceled | G12: 45565 | H12: =IF(AND(E12 <= $M12, OR(G12 = "", G12 > $M12)), "Yes", "No") -> No | I12: =IF(AND(E12>=$M12,E12<=$M12),"Yes","No") -> No | J12: =IF(AND(G12<> " ",G12>=$L12,G12<=$M12),"Yes","No") -> Yes | K12: =MONTH(Table2[[#This Row],[Subscription Start]]) -> 9 | L12: =DATE(2024,Table2[[#This Row],[Month]],1) -> 45536 | M12: =DATE(2024,Table2[[#This Row],[Month]],30) -> 45565 | N12: =IF(Table2[[#This Row],[Active]]="Yes",1,0) -> 0 | O12: =IF(Table2[[#This Row],[Churned]]="Yes",1,0) -> 1 | P12: Sep | AB12: Month | AC12: Start | AD12: End
A13: SUB9046 | B13: CUS4170 | C13: Free | D13: 0 | E13: 45552 | F13: Active | H13: =IF(AND(E13 <= $M13, OR(G13 = "", G13 > $M13)), "Yes", "No") -> Yes | I13: =IF(AND(E13>=$M13,E13<=$M13),"Yes","No") -> No | J13: =IF(AND(G13<> " ",G13>=$L13,G13<=$M13),"Yes","No") -> No | K13: =MONTH(Table2[[#This Row],[Subscription Start]]) -> 9 | L13: =DATE(2024,Table2[[#This Row],[Month]],1) -> 45536 | M13: =DATE(2024,Table2[[#This Row],[Month]],30) -> 45565 | N13: =IF(Table2[[#This Row],[Active]]="Yes",1,0) -> 1 | O13: =IF(Table2[[#This Row],[Churned]]="Yes",1,0) -> 0 | P13: Sep | AB13: 45292 | AC13: 45292 | AD13: 45322
A14: SUB8645 | B14: CUS4091 | C14: Free | D14: 0 | E14: 45551 | F14: Active | H14: =IF(AND(E14 <= $M14, OR(G14 = "", G14 > $M14)), "Yes", "No") -> Yes | I14: =IF(AND(E14>=$M14,E14<=$M14),"Yes","No") -> No | J14: =IF(AND(G14<> " ",G14>=$L14,G14<=$M14),"Yes","No") -> No | K14: =MONTH(Table2[[#This Row],[Subscription Start]]) -> 9 | L14: =DATE(2024,Table2[[#This Row],[Month]],1) -> 45536 | M14: =DATE(2024,Table2[[#This Row],[Month]],30) -> 45565 | N14: =IF(Table2[[#This Row],[Active]]="Yes",1,0) -> 1 | O14: =IF(Table2[[#This Row],[Churned]]="Yes",1,0) -> 0 | P14: Sep | AB14: 45323 | AC14: 45323 | AD14: 45351
A15: SUB9193 | B15: CUS4437 | C15: Basic | D15: 999 | E15: 45551 | F15: Active | H15: =IF(AND(E15 <= $M15, OR(G15 = "", G15 > $M15)), "Yes", "No") -> Yes | I15: =IF(AND(E15>=$M15,E15<=$M15),"Yes","No") -> No | J15: =IF(AND(G15<> " ",G15>=$L15,G15<=$M15),"Yes","No") -> No | K15: =MONTH(Table2[[#This Row],[Subscription Start]]) -> 9 | L15: =DATE(2024,Table2[[#This Row],[Month]],1) -> 45536 | M15: =DATE(2024,Table2[[#This Row],[Month]],30) -> 45565 | N15: =IF(Table2[[#This Row],[Active]]="Yes",1,0) -> 1 | O15: =IF(Table2[[#This Row],[Churned]]="Yes",1,0) -> 0 | P15: Sep | AB15: 45352 | AC15: 45717 | AD15: 45382
A16: SUB8291 | B16: CUS4383 | C16: Basic | D16: 999 | E16: 45549 | F16: Canceled | G16: 45565 | H16: =IF(AND(E16 <= $M16, OR(G16 = "", G16 > $M16)), "Yes", "No") -> No | I16: =IF(AND(E16>=$M16,E16<=$M16),"Yes","No") -> No | J16: =IF(AND(G16<> " ",G16>=$L16,G16<=$M16),"Yes","No") -> Yes | K16: =MONTH(Table2[[#This Row],[Subscription Start]]) -> 9 | L16: =DATE(2024,Table2[[#This Row],[Month]],1) -> 45536 | M16: =DATE(2024,Table2[[#This Row],[Month]],30) -> 45565 | N16: =IF(Table2[[#This Row],[Active]]="Yes",1,0) -> 0 | O16: =IF(Table2[[#This Row],[Churned]]="Yes",1,0) -> 1 | P16: Sep | AB16: 45383 | AC16: 45383 | AD16: 45412
A17: SUB8506 | B17: CUS4058 | C17: Free | D17: 0 | E17: 45549 | F17: Active | H17: =IF(AND(E17 <= $M17, OR(G17 = "", G17 > $M17)), "Yes", "No") -> Yes | I17: =IF(AND(E17>=$M17,E17<=$M17),"Yes","No") -> No | J17: =IF(AND(G17<> " ",G17>=$L17,G17<=$M17),"Yes","No") -> No | K17: =MONTH(Table2[[#This Row],[Subscription Start]]) -> 9 | L17: =DATE(2024,Table2[[#This Row],[Month]],1) -> 45536 | M17: =DATE(2024,Table2[[#This Row],[Month]],30) -> 45565 | N17: =IF(Table2[[#This Row],[Active]]="Yes",1,0) -> 1 | O17: =IF(Table2[[#This Row],[Churned]]="Yes",1,0) -> 0 | P17: Sep | AB17: 45413 | AC17: 45413 | AD17: 45443
A18: SUB8988 | B18: CUS4058 | C18: Basic | D18: 999 | E18: 45549 | F18: Active | H18: =IF(AND(E18 <= $M18, OR(G18 = "", G18 > $M18)), "Yes", "No") -> Yes | I18: =IF(AND(E18>=$M18,E18<=$M18),"Yes","No") -> No | J18: =IF(AND(G18<> " ",G18>=$L18,G18<=$M18),"Yes","No") -> No | K18: =MONTH(Table2[[#This Row],[Subscription Start]]) -> 9 | L18: =DATE(2024,Table2[[#This Row],[Month]],1) -> 45536 | M18: =DATE(2024,Table2[[#This Row],[Month]],30) -> 45565 | N18: =IF(Table2[[#This Row],[Active]]="Yes",1,0) -> 1 | O18: =IF(Table2[[#This Row],[Churned]]="Yes",1,0) -> 0 | P18: Sep | AB18: 45444 | AC18: 45444 | AD18: 45473
A19: SUB9111 | B19: CUS4427 | C19: Basic | D19: 999 | E19: 45549 | F19: Active | H19: =IF(AND(E19 <= $M19, OR(G19 = "", G19 > $M19)), "Yes", "No") -> Yes | I19: =IF(AND(E19>=$M19,E19<=$M19),"Yes","No") -> No | J19: =IF(AND(G19<> " ",G19>=$L19,G19<=$M19),"Yes","No") -> No | K19: =MONTH(Table2[[#This Row],[Subscription Start]]) -> 9 | L19: =DATE(2024,Table2[[#This Row],[Month]],1) -> 45536 | M19: =DATE(2024,Table2[[#This Row],[Month]],30) -> 45565 | N19: =IF(Table2[[#This Row],[Active]]="Yes",1,0) -> 1 | O19: =IF(Table2[[#This Row],[Churned]]="Yes",1,0) -> 0 | P19: Sep | AB19: 45474 | AC19: 45474 | AD19: 45504
A20: SUB8234 | B20: CUS4271 | C20: Free | D20: 0 | E20: 45548 | F20: Active | H20: =IF(AND(E20 <= $M20, OR(G20 = "", G20 > $M20)), "Yes", "No") -> Yes | I20: =IF(AND(E20>=$M20,E20<=$M20),"Yes","No") -> No | J20: =IF(AND(G20<> " ",G20>=$L20,G20<=$M20),"Yes","No") -> No | K20: =MONTH(Table2[[#This Row],[Subscription Start]]) -> 9 | L20: =DATE(2024,Table2[[#This Row],[Month]],1) -> 45536 | M20: =DATE(2024,Table2[[#This Row],[Month]],30) -> 45565 | N20: =IF(Table2[[#This Row],[Active]]="Yes",1,0) -> 1 | O20: =IF(Table2[[#This Row],[Churned]]="Yes",1,0) -> 0 | P20: Sep | AB20: 45505 | AC20: 45505 | AD20: 45535
A21: SUB8297 | B21: CUS4439 | C21: Basic | D21: 999 | E21: 45548 | F21: Active | H21: =IF(AND(E21 <= $M21, OR(G21 = "", G21 > $M21)), "Yes", "No") -> Yes | I21: =IF(AND(E21>=$M21,E21<=$M21),"Yes","No") -> No | J21: =IF(AND(G21<> " ",G21>=$L21,G21<=$M21),"Yes","No") -> No | K21: =MONTH(Table2[[#This Row],[Subscription Start]]) -> 9 | L21: =DATE(2024,Table2[[#This Row],[Month]],1) -> 45536 | M21: =DATE(2024,Table2[[#This Row],[Month]],30) -> 45565 | N21: =IF(Table2[[#This Row],[Active]]="Yes",1,0) -> 1 | O21: =IF(Table2[[#This Row],[Churned]]="Yes",1,0) -> 0 | P21: Sep | AB21: 45536 | AC21: 45536 | AD21: 45565
A22: SUB8834 | B22: CUS4058 | C22: Pro | D22: 2499 | E22: 45547 | F22: Active | H22: =IF(AND(E22 <= $M22, OR(G22 = "", G22 > $M22)), "Yes", "No") -> Yes | I22: =IF(AND(E22>=$M22,E22<=$M22),"Yes","No") -> No | J22: =IF(AND(G22<> " ",G22>=$L22,G22<=$M22),"Yes","No") -> No | K22: =MONTH(Table2[[#This Row],[Subscription Start]]) -> 9 | L22: =DATE(2024,Table2[[#This Row],[Month]],1) -> 45536 | M22: =DATE(2024,Table2[[#This Row],[Month]],30) -> 45565 | N22: =IF(Table2[[#This Row],[Active]]="Yes",1,0) -> 1 | O22: =IF(Table2[[#This Row],[Churned]]="Yes",1,0) -> 0 | P22: Sep | AB22: 45566 | AC22: 45566 | AD22: 45596
A23: SUB8902 | B23: CUS4610 | C23: Enterprise | D23: 9999 | E23: 45546 | F23: Active | H23: =IF(AND(E23 <= $M23, OR(G23 = "", G23 > $M23)), "Yes", "No") -> Yes | I23: =IF(AND(E23>=$M23,E23<=$M23),"Yes","No") -> No | J23: =IF(AND(G23<> " ",G23>=$L23,G23<=$M23),"Yes","No") -> No | K23: =MONTH(Table2[[#This Row],[Subscription Start]]) -> 9 | L23: =DATE(2024,Table2[[#This Row],[Month]],1) -> 45536 | M23: =DATE(2024,Table2[[#This Row],[Month]],30) -> 45565 | N23: =IF(Table2[[#This Row],[Active]]="Yes",1,0) -> 1 | O23: =IF(Table2[[#This Row],[Churned]]="Yes",1,0) -> 0 | P23: Sep
A24: SUB9169 | B24: CUS4125 | C24: Basic | D24: 999 | E24: 45546 | F24: Active | H24: =IF(AND(E24 <= $M24, OR(G24 = "", G24 > $M24)), "Yes", "No") -> Yes | I24: =IF(AND(E24>=$M24,E24<=$M24),"Yes","No") -> No | J24: =IF(AND(G24<> " ",G24>=$L24,G24<=$M24),"Yes","No") -> No | K24: =MONTH(Table2[[#This Row],[Subscription Start]]) -> 9 | L24: =DATE(2024,Table2[[#This Row],[Month]],1) -> 45536 | M24: =DATE(2024,Table2[[#This Row],[Month]],30) -> 45565 | N24: =IF(Table2[[#This Row],[Active]]="Yes",1,0) -> 1 | O24: =IF(Table2[[#This Row],[Churned]]="Yes",1,0) -> 0 | P24: Sep
A25: SUB8176 | B25: CUS4091 | C25: Basic | D25: 999 | E25: 45545 | F25: Active | H25: =IF(AND(E25 <= $M25, OR(G25 = "", G25 > $M25)), "Yes", "No") -> Yes | I25: =IF(AND(E25>=$M25,E25<=$M25),"Yes","No") -> No | J25: =IF(AND(G25<> " ",G25>=$L25,G25<=$M25),"Yes","No") -> No | K25: =MONTH(Table2[[#This Row],[Subscription Start]]) -> 9 | L25: =DATE(2024,Table2[[#This Row],[Month]],1) -> 45536 | M25: =DATE(2024,Table2[[#This Row],[Month]],30) -> 45565 | N25: =IF(Table2[[#This Row],[Active]]="Yes",1,0) -> 1 | O25: =IF(Table2[[#This Row],[Churned]]="Yes",1,0) -> 0 | P25: Sep
A26: SUB8793 | B26: CUS4286 | C26: Enterprise | D26: 9999 | E26: 45545 | F26: Active | H26: =IF(AND(E26 <= $M26, OR(G26 = "", G26 > $M26)), "Yes", "No") -> Yes | I26: =IF(AND(E26>=$M26,E26<=$M26),"Yes","No") -> No | J26: =IF(AND(G26<> " ",G26>=$L26,G26<=$M26),"Yes","No") -> No | K26: =MONTH(Table2[[#This Row],[Subscription Start]]) -> 9 | L26: =DATE(2024,Table2[[#This Row],[Month]],1) -> 45536 | M26: =DATE(2024,Table2[[#This Row],[Month]],30) -> 45565 | N26: =IF(Table2[[#This Row],[Active]]="Yes",1,0) -> 1 | O26: =IF(Table2[[#This Row],[Churned]]="Yes",1,0) -> 0 | P26: Sep
A27: SUB8958 | B27: CUS4724 | C27: Free | D27: 0 | E27: 45545 | F27: Canceled | G27: 45565 | H27: =IF(AND(E27 <= $M27, OR(G27 = "", G27 > $M27)), "Yes", "No") -> No | I27: =IF(AND(E27>=$M27,E27<=$M27),"Yes","No") -> No | J27: =IF(AND(G27<> " ",G27>=$L27,G27<=$M27),"Yes","No") -> Yes | K27: =MONTH(Table2[[#This Row],[Subscription Start]]) -> 9 | L27: =DATE(2024,Table2[[#This Row],[Month]],1) -> 45536 | M27: =DATE(2024,Table2[[#This Row],[Month]],30) -> 45565 | N27: =IF(Table2[[#This Row],[Active]]="Yes",1,0) -> 0 | O27: =IF(Table2[[#This Row],[Churned]]="Yes",1,0) -> 1 | P27: Sep
A28: SUB9115 | B28: CUS4621 | C28: Basic | D28: 999 | E28: 45545 | F28: Canceled | G28: 45565 | H28: =IF(AND(E28 <= $M28, OR(G28 = "", G28 > $M28)), "Yes", "No") -> No | I28: =IF(AND(E28>=$M28,E28<=$M28),"Yes","No") -> No | J28: =IF(AND(G28<> " ",G28>=$L28,G28<=$M28),"Yes","No") -> Yes | K28: =MONTH(Table2[[#This Row],[Subscription Start]]) -> 9 | L28: =DATE(2024,Table2[[#This Row],[Month]],1) -> 45536 | M28: =DATE(2024,Table2[[#This Row],[Month]],30) -> 45565 | N28: =IF(Table2[[#This Row],[Active]]="Yes",1,0) -> 0 | O28: =IF(Table2[[#This Row],[Churned]]="Yes",1,0) -> 1 | P28: Sep
A29: SUB8720 | B29: CUS4528 | C29: Free | D29: 0 | E29: 45544 | F29: Active | H29: =IF(AND(E29 <= $M29, OR(G29 = "", G29 > $M29)), "Yes", "No") -> Yes | I29: =IF(AND(E29>=$M29,E29<=$M29),"Yes","No") -> No | J29: =IF(AND(G29<> " ",G29>=$L29,G29<=$M29),"Yes","No") -> No | K29: =MONTH(Table2[[#This Row],[Subscription Start]]) -> 9 | L29: =DATE(2024,Table2[[#This Row],[Month]],1) -> 45536 | M29: =DATE(2024,Table2[[#This Row],[Month]],30) -> 45565 | N29: =IF(Table2[[#This Row],[Active]]="Yes",1,0) -> 1 | O29: =IF(Table2[[#This Row],[Churned]]="Yes",1,0) -> 0 | P29: Sep
A30: SUB9174 | B30: CUS4764 | C30: Pro | D30: 2499 | E30: 45544 | F30: Active | H30: =IF(AND(E30 <= $M30, OR(G30 = "", G30 > $M30)), "Yes", "No") -> Yes | I30: =IF(AND(E30>=$M30,E30<=$M30),"Yes","No") -> No | J30: =IF(AND(G30<> " ",G30>=$L30,G30<=$M30),"Yes","No") -> No | K30: =MONTH(Table2[[#This Row],[Subscription Start]]) -> 9 | L30: =DATE(2024,Table2[[#This Row],[Month]],1) -> 45536 | M30: =DATE(2024,Table2[[#This Row],[Month]],30) -> 45565 | N30: =IF(Table2[[#This Row],[Active]]="Yes",1,0) -> 1 | O30: =IF(Table2[[#This Row],[Churned]]="Yes",1,0) -> 0 | P30: Sep
A31: SUB8371 | B31: CUS4498 | C31: Free | D31: 0 | E31: 45543 | F31: Active | H31: =IF(AND(E31 <= $M31, OR(G31 = "", G31 > $M31)), "Yes", "No") -> Yes | I31: =IF(AND(E31>=$M31,E31<=$M31),"Yes","No") -> No | J31: =IF(AND(G31<> " ",G31>=$L31,G31<=$M31),"Yes","No") -> No | K31: =MONTH(Table2[[#This Row],[Subscription Start]]) -> 9 | L31: =DATE(2024,Table2[[#This Row],[Month]],1) -> 45536 | M31: =DATE(2024,Table2[[#This Row],[Month]],30) -> 45565 | N31: =IF(Table2[[#This Row],[Active]]="Yes",1,0) -> 1 | O31: =IF(Table2[[#This Row],[Churned]]="Yes",1,0) -> 0 | P31: Sep
A32: SUB8860 | B32: CUS4621 | C32: Pro | D32: 2499 | E32: 45543 | F32: Active | H32: =IF(AND(E32 <= $M32, OR(G32 = "", G32 > $M32)), "Yes", "No") -> Yes | I32: =IF(AND(E32>=$M32,E32<=$M32),"Yes","No") -> No | J32: =IF(AND(G32<> " ",G32>=$L32,G32<=$M32),"Yes","No") -> No | K32: =MONTH(Table2[[#This Row],[Subscription Start]]) -> 9 | L32: =DATE(2024,Table2[[#This Row],[Month]],1) -> 45536 | M32: =DATE(2024,Table2[[#This Row],[Month]],30) -> 45565 | N32: =IF(Table2[[#This Row],[Active]]="Yes",1,0) -> 1 | O32: =IF(Table2[[#This Row],[Churned]]="Yes",1,0) -> 0 | P32: Sep
A33: SUB8948 | B33: CUS4269 | C33: Basic | D33: 999 | E33: 45543 | F33: Active | H33: =IF(AND(E33 <= $M33, OR(G33 = "", G33 > $M33)), "Yes", "No") -> Yes | I33: =IF(AND(E33>=$M33,E33<=$M33),"Yes","No") -> No | J33: =IF(AND(G33<> " ",G33>=$L33,G33<=$M33),"Yes","No") -> No | K33: =MONTH(Table2[[#This Row],[Subscription Start]]) -> 9 | L33: =DATE(2024,Table2[[#This Row],[Month]],1) -> 45536 | M33: =DATE(2024,Table2[[#This Row],[Month]],30) -> 45565 | N33: =IF(Table2[[#This Row],[Active]]="Yes",1,0) -> 1 | O33: =IF(Table2[[#This Row],[Churned]]="Yes",1,0) -> 0 | P33: Sep
A34: SUB9155 | B34: CUS4230 | C34: Enterprise | D34: 9999 | E34: 45543 | F34: Active | H34: =IF(AND(E34 <= $M34, OR(G34 = "", G34 > $M34)), "Yes", "No") -> Yes | I34: =IF(AND(E34>=$M34,E34<=$M34),"Yes","No") -> No | J34: =IF(AND(G34<> " ",G34>=$L34,G34<=$M34),"Yes","No") -> No | K34: =MONTH(Table2[[#This Row],[Subscription Start]]) -> 9 | L34: =DATE(2024,Table2[[#This Row],[Month]],1) -> 45536 | M34: =DATE(2024,Table2[[#This Row],[Month]],30) -> 45565 | N34: =IF(Table2[[#This Row],[Active]]="Yes",1,0) -> 1 | O34: =IF(Table2[[#This Row],[Churned]]="Yes",1,0) -> 0 | P34: Sep
A35: SUB8278 | B35: CUS4137 | C35: Free | D35: 0 | E35: 45542 | F35: Active | H35: =IF(AND(E35 <= $M35, OR(G35 = "", G35 > $M35)), "Yes", "No") -> Yes | I35: =IF(AND(E35>=$M35,E35<=$M35),"Yes","No") -> No | J35: =IF(AND(G35<> " ",G35>=$L35,G35<=$M35),"Yes","No") -> No | K35: =MONTH(Table2[[#This Row],[Subscription Start]]) -> 9 | L35: =DATE(2024,Table2[[#This Row],[Month]],1) -> 45536 | M35: =DATE(2024,Table2[[#This Row],[Month]],30) -> 45565 | N35: =IF(Table2[[#This Row],[Active]]="Yes",1,0) -> 1 | O35: =IF(Table2[[#This Row],[Churned]]="Yes",1,0) -> 0 | P35: Sep
A36: SUB8090 | B36: CUS4206 | C36: Free | D36: 0 | E36: 45541 | F36: Active | H36: =IF(AND(E36 <= $M36, OR(G36 = "", G36 > $M36)), "Yes", "No") -> Yes | I36: =IF(AND(E36>=$M36,E36<=$M36),"Yes","No") -> No | J36: =IF(AND(G36<> " ",G36>=$L36,G36<=$M36),"Yes","No") -> No | K36: =MONTH(Table2[[#This Row],[Subscription Start]]) -> 9 | L36: =DATE(2024,Table2[[#This Row],[Month]],1) -> 45536 | M36: =DATE(2024,Table2[[#This Row],[Month]],30) -> 45565 | N36: =IF(Table2[[#This Row],[Active]]="Yes",1,0) -> 1 | O36: =IF(Table2[[#This Row],[Churned]]="Yes",1,0) -> 0 | P36: Sep
A37: SUB8128 | B37: CUS4530 | C37: Free | D37: 0 | E37: 45541 | F37: Canceled | G37: 45565 | H37: =IF(AND(E37 <= $M37, OR(G37 = "", G37 > $M37)), "Yes", "No") -> No | I37: =IF(AND(E37>=$M37,E37<=$M37),"Yes","No") -> No | J37: =IF(AND(G37<> " ",G37>=$L37,G37<=$M37),"Yes","No") -> Yes | K37: =MONTH(Table2[[#This Row],[Subscription Start]]) -> 9 | L37: =DATE(2024,Table2[[#This Row],[Month]],1) -> 45536 | M37: =DATE(2024,Table2[[#This Row],[Month]],30) -> 45565 | N37: =IF(Table2[[#This Row],[Active]]="Yes",1,0) -> 0 | O37: =IF(Table2[[#This Row],[Churned]]="Yes",1,0) -> 1 | P37: Sep
A38: SUB8364 | B38: CUS4439 | C38: Free | D38: 0 | E38: 45540 | F38: Canceled | G38: 45565 | H38: =IF(AND(E38 <= $M38, OR(G38 = "", G38 > $M38)), "Yes", "No") -> No | I38: =IF(AND(E38>=$M38,E38<=$M38),"Yes","No") -> No | J38: =IF(AND(G38<> " ",G38>=$L38,G38<=$M38),"Yes","No") -> Yes | K38: =MONTH(Table2[[#This Row],[Subscription Start]]) -> 9 | L38: =DATE(2024,Table2[[#This Row],[Month]],1) -> 45536 | M38: =DATE(2024,Table2[[#This Row],[Month]],30) -> 45565 | N38: =IF(Table2[[#This Row],[Active]]="Yes",1,0) -> 0 | O38: =IF(Table2[[#This Row],[Churned]]="Yes",1,0) -> 1 | P38: Sep
A39: SUB8454 | B39: CUS4394 | C39: Pro | D39: 2499 | E39: 45540 | F39: Canceled | G39: 45565 | H39: =IF(AND(E39 <= $M39, OR(G39 = "", G39 > $M39)), "Yes", "No") -> No | I39: =IF(AND(E39>=$M39,E39<=$M39),"Yes","No") -> No | J39: =IF(AND(G39<> " ",G39>=$L39,G39<=$M39),"Yes","No") -> Yes | K39: =MONTH(Table2[[#This Row],[Subscription Start]]) -> 9 | L39: =DATE(2024,Table2[[#This Row],[Month]],1) -> 45536 | M39: =DATE(2024,Table2[[#This Row],[Month]],30) -> 45565 | N39: =IF(Table2[[#This Row],[Active]]="Yes",1,0) -> 0 | O39: =IF(Table2[[#This Row],[Churned]]="Yes",1,0) -> 1 | P39: Sep
A40: SUB8824 | B40: CUS4058 | C40: Free | D40: 0 | E40: 45540 | F40: Active | H40: =IF(AND(E40 <= $M40, OR(G40 = "", G40 > $M40)), "Yes", "No") -> Yes | I40: =IF(AND(E40>=$M40,E40<=$M40),"Yes","No") -> No | J40: =IF(AND(G40<> " ",G40>=$L40,G40<=$M40),"Yes","No") -> No | K40: =MONTH(Table2[[#This Row],[Subscription Start]]) -> 9 | L40: =DATE(2024,Table2[[#This Row],[Month]],1) -> 45536 | M40: =DATE(2024,Table2[[#This Row],[Month]],30) -> 45565 | N40: =IF(Table2[[#This Row],[Active]]="Yes",1,0) -> 1 | O40: =IF(Table2[[#This Row],[Churned]]="Yes",1,0) -> 0 | P40: Sep
A41: SUB9101 | B41: CUS4745 | C41: Free | D41: 0 | E41: 45540 | F41: Active | H41: =IF(AND(E41 <= $M41, OR(G41 = "", G41 > $M41)), "Yes", "No") -> Yes | I41: =IF(AND(E41>=$M41,E41<=$M41),"Yes","No") -> No | J41: =IF(AND(G41<> " ",G41>=$L41,G41<=$M41),"Yes","No") -> No | K41: =MONTH(Table2[[#This Row],[Subscription Start]]) -> 9 | L41: =DATE(2024,Table2[[#This Row],[Month]],1) -> 45536 | M41: =DATE(2024,Table2[[#This Row],[Month]],30) -> 45565 | N41: =IF(Table2[[#This Row],[Active]]="Yes",1,0) -> 1 | O41: =IF(Table2[[#This Row],[Churned]]="Yes",1,0) -> 0 | P41: Sep
A42: SUB8316 | B42: CUS4394 | C42: Free | D42: 0 | E42: 45539 | F42: Active | H42: =IF(AND(E42 <= $M42, OR(G42 = "", G42 > $M42)), "Yes", "No") -> Yes | I42: =IF(AND(E42>=$M42,E42<=$M42),"Yes","No") -> No | J42: =IF(AND(G42<> " ",G42>=$L42,G42<=$M42),"Yes","No") -> No | K42: =MONTH(Table2[[#This Row],[Subscription Start]]) -> 9 | L42: =DATE(2024,Table2[[#This Row],[Month]],1) -> 45536 | M42: =DATE(2024,Table2[[#This Row],[Month]],30) -> 45565 | N42: =IF(Table2[[#This Row],[Active]]="Yes",1,0) -> 1 | O42: =IF(Table2[[#This Row],[Churned]]="Yes",1,0) -> 0 | P42: Sep
A43: SUB8963 | B43: CUS4530 | C43: Free | D43: 0 | E43: 45539 | F43: Active | H43: =IF(AND(E43 <= $M43, OR(G43 = "", G43 > $M43)), "Yes", "No") -> Yes | I43: =IF(AND(E43>=$M43,E43<=$M43),"Yes","No") -> No | J43: =IF(AND(G43<> " ",G43>=$L43,G43<=$M43),"Yes","No") -> No | K43: =MONTH(Table2[[#This Row],[Subscription Start]]) -> 9 | L43: =DATE(2024,Table2[[#This Row],[Month]],1) -> 45536 | M43: =DATE(2024,Table2[[#This Row],[Month]],30) -> 45565 | N43: =IF(Table2[[#This Row],[Active]]="Yes",1,0) -> 1 | O43: =IF(Table2[[#This Row],[Churned]]="Yes",1,0) -> 0 | P43: Sep
A44: SUB9083 | B44: CUS4230 | C44: Basic | D44: 999 | E44: 45539 | F44: Active | H44: =IF(AND(E44 <= $M44, OR(G44 = "", G44 > $M44)), "Yes", "No") -> Yes | I44: =IF(AND(E44>=$M44,E44<=$M44),"Yes","No") -> No | J44: =IF(AND(G44<> " ",G44>=$L44,G44<=$M44),"Yes","No") -> No | K44: =MONTH(Table2[[#This Row],[Subscription Start]]) -> 9 | L44: =DATE(2024,Table2[[#This Row],[Month]],1) -> 45536 | M44: =DATE(2024,Table2[[#This Row],[Month]],30) -> 45565 | N44: =IF(Table2[[#This Row],[Active]]="Yes",1,0) -> 1 | O44: =IF(Table2[[#This Row],[Churned]]="Yes",1,0) -> 0 | P44: Sep
A45: SUB8287 | B45: CUS4271 | C45: Basic | D45: 999 | E45: 45538 | F45: Active | H45: =IF(AND(E45 <= $M45, OR(G45 = "", G45 > $M45)), "Yes", "No") -> Yes | I45: =IF(AND(E45>=$M45,E45<=$M45),"Yes","No") -> No | J45: =IF(AND(G45<> " ",G45>=$L45,G45<=$M45),"Yes","No") -> No | K45: =MONTH(Table2[[#This Row],[Subscription Start]]) -> 9 | L45: =DATE(2024,Table2[[#This Row],[Month]],1) -> 45536 | M45: =DATE(2024,Table2[[#This Row],[Month]],30) -> 45565 | N45: =IF(Table2[[#This Row],[Active]]="Yes",1,0) -> 1 | O45: =IF(Table2[[#This Row],[Churned]]="Yes",1,0) -> 0 | P45: Sep
A46: SUB8448 | B46: CUS4375 | C46: Basic | D46: 999 | E46: 45538 | F46: Active | H46: =IF(AND(E46 <= $M46, OR(G46 = "", G46 > $M46)), "Yes", "No") -> Yes | I46: =IF(AND(E46>=$M46,E46<=$M46),"Yes","No") -> No | J46: =IF(AND(G46<> " ",G46>=$L46,G46<=$M46),"Yes","No") -> No | K46: =MONTH(Table2[[#This Row],[Subscription Start]]) -> 9 | L46: =DATE(2024,Table2[[#This Row],[Month]],1) -> 45536 | M46: =DATE(2024,Table2[[#This Row],[Month]],30) -> 45565 | N46: =IF(Table2[[#This Row],[Active]]="Yes",1,0) -> 1 | O46: =IF(Table2[[#This Row],[Churned]]="Yes",1,0) -> 0 | P46: Sep
A47: SUB8596 | B47: CUS4422 | C47: Free | D47: 0 | E47: 45538 | F47: Active | H47: =IF(AND(E47 <= $M47, OR(G47 = "", G47 > $M47)), "Yes", "No") -> Yes | I47: =IF(AND(E47>=$M47,E47<=$M47),"Yes","No") -> No | J47: =IF(AND(G47<> " ",G47>=$L47,G47<=$M47),"Yes","No") -> No | K47: =MONTH(Table2[[#This Row],[Subscription Start]]) -> 9 | L47: =DATE(2024,Table2[[#This Row],[Month]],1) -> 45536 | M47: =DATE(2024,Table2[[#This Row],[Month]],30) -> 45565 | N47: =IF(Table2[[#This Row],[Active]]="Yes",1,0) -> 1 | O47: =IF(Table2[[#This Row],[Churned]]="Yes",1,0) -> 0 | P47: Sep
A48: SUB8801 | B48: CUS4626 | C48: Free | D48: 0 | E48: 45538 | F48: Canceled | G48: 45565 | H48: =IF(AND(E48 <= $M48, OR(G48 = "", G48 > $M48)), "Yes", "No") -> No | I48: =IF(AND(E48>=$M48,E48<=$M48),"Yes","No") -> No | J48: =IF(AND(G48<> " ",G48>=$L48,G48<=$M48),"Yes","No") -> Yes | K48: =MONTH(Table2[[#This Row],[Subscription Start]]) -> 9 | L48: =DATE(2024,Table2[[#This Row],[Month]],1) -> 45536 | M48: =DATE(2024,Table2[[#This Row],[Month]],30) -> 45565 | N48: =IF(Table2[[#This Row],[Active]]="Yes",1,0) -> 0 | O48: =IF(Table2[[#This Row],[Churned]]="Yes",1,0) -> 1 | P48: Sep
A49: SUB8851 | B49: CUS4166 | C49: Pro | D49: 2499 | E49: 45538 | F49: Active | H49: =IF(AND(E49 <= $M49, OR(G49 = "", G49 > $M49)), "Yes", "No") -> Yes | I49: =IF(AND(E49>=$M49,E49<=$M49),"Yes","No") -> No | J49: =IF(AND(G49<> " ",G49>=$L49,G49<=$M49),"Yes","No") -> No | K49: =MONTH(Table2[[#This Row],[Subscription Start]]) -> 9 | L49: =DATE(2024,Table2[[#This Row],[Month]],1) -> 45536 | M49: =DATE(2024,Table2[[#This Row],[Month]],30) -> 45565 | N49: =IF(Table2[[#This Row],[Active]]="Yes",1,0) -> 1 | O49: =IF(Table2[[#This Row],[Churned]]="Yes",1,0) -> 0 | P49: Sep
A50: SUB8905 | B50: CUS4427 | C50: Basic | D50: 999 | E50: 45538 | F50: Active | H50: =IF(AND(E50 <= $M50, OR(G50 = "", G50 > $M50)), "Yes", "No") -> Yes | I50: =IF(AND(E50>=$M50,E50<=$M50),"Yes","No") -> No | J50: =IF(AND(G50<> " ",G50>=$L50,G50<=$M50),"Yes","No") -> No | K50: =MONTH(Table2[[#This Row],[Subscription Start]]) -> 9 | L50: =DATE(2024,Table2[[#This Row],[Month]],1) -> 45536 | M50: =DATE(2024,Table2[[#This Row],[Month]],30) -> 45565 | N50: =IF(Table2[[#This Row],[Active]]="Yes",1,0) -> 1 | O50: =IF(Table2[[#This Row],[Churned]]="Yes",1,0) -> 0 | P50: Sep
A51: SUB8031 | B51: CUS4375 | C51: Basic | D51: 999 | E51: 45537 | F51: Canceled | G51: 45565 | H51: =IF(AND(E51 <= $M51, OR(G51 = "", G51 > $M51)), "Yes", "No") -> No | I51: =IF(AND(E51>=$M51,E51<=$M51),"Yes","No") -> No | J51: =IF(AND(G51<> " ",G51>=$L51,G51<=$M51),"Yes","No") -> Yes | K51: =MONTH(Table2[[#This Row],[Subscription Start]]) -> 9 | L51: =DATE(2024,Table2[[#This Row],[Month]],1) -> 45536 | M51: =DATE(2024,Table2[[#This Row],[Month]],30) -> 45565 | N51: =IF(Table2[[#This Row],[Active]]="Yes",1,0) -> 0 | O51: =IF(Table2[[#This Row],[Churned]]="Yes",1,0) -> 1 | P51: Sep
A52: SUB8248 | B52: CUS4383 | C52: Pro | D52: 2499 | E52: 45537 | F52: Active | H52: =IF(AND(E52 <= $M52, OR(G52 = "", G52 > $M52)), "Yes", "No") -> Yes | I52: =IF(AND(E52>=$M52,E52<=$M52),"Yes","No") -> No | J52: =IF(AND(G52<> " ",G52>=$L52,G52<=$M52),"Yes","No") -> No | K52: =MONTH(Table2[[#This Row],[Subscription Start]]) -> 9 | L52: =DATE(2024,Table2[[#This Row],[Month]],1) -> 45536 | M52: =DATE(2024,Table2[[#This Row],[Month]],30) -> 45565 | N52: =IF(Table2[[#This Row],[Active]]="Yes",1,0) -> 1 | O52: =IF(Table2[[#This Row],[Churned]]="Yes",1,0) -> 0 | P52: Sep
A53: SUB8410 | B53: CUS4375 | C53: Free | D53: 0 | E53: 45537 | F53: Active | H53: =IF(AND(E53 <= $M53, OR(G53 = "", G53 > $M53)), "Yes", "No") -> Yes | I53: =IF(AND(E53>=$M53,E53<=$M53),"Yes","No") -> No | J53: =IF(AND(G53<> " ",G53>=$L53,G53<=$M53),"Yes","No") -> No | K53: =MONTH(Table2[[#This Row],[Subscription Start]]) -> 9 | L53: =DATE(2024,Table2[[#This Row],[Month]],1) -> 45536 | M53: =DATE(2024,Table2[[#This Row],[Month]],30) -> 45565 | N53: =IF(Table2[[#This Row],[Active]]="Yes",1,0) -> 1 | O53: =IF(Table2[[#This Row],[Churned]]="Yes",1,0) -> 0 | P53: Sep
A54: SUB8438 | B54: CUS4144 | C54: Free | D54: 0 | E54: 45537 | F54: Active | H54: =IF(AND(E54 <= $M54, OR(G54 = "", G54 > $M54)), "Yes", "No") -> Yes | I54: =IF(AND(E54>=$M54,E54<=$M54),"Yes","No") -> No | J54: =IF(AND(G54<> " ",G54>=$L54,G54<=$M54),"Yes","No") -> No | K54: =MONTH(Table2[[#This Row],[Subscription Start]]) -> 9 | L54: =DATE(2024,Table2[[#This Row],[Month]],1) -> 45536 | M54: =DATE(2024,Table2[[#This Row],[Month]],30) -> 45565 | N54: =IF(Table2[[#This Row],[Active]]="Yes",1,0) -> 1 | O54: =IF(Table2[[#This Row],[Churned]]="Yes",1,0) -> 0 | P54: Sep
A55: SUB9120 | B55: CUS4484 | C55: Pro | D55: 2499 | E55: 45537 | F55: Canceled | G55: 45565 | H55: =IF(AND(E55 <= $M55, OR(G55 = "", G55 > $M55)), "Yes", "No") -> No | I55: =IF(AND(E55>=$M55,E55<=$M55),"Yes","No") -> No | J55: =IF(AND(G55<> " ",G55>=$L55,G55<=$M55),"Yes","No") -> Yes | K55: =MONTH(Table2[[#This Row],[Subscription Start]]) -> 9 | L55: =DATE(2024,Table2[[#This Row],[Month]],1) -> 45536 | M55: =DATE(2024,Table2[[#This Row],[Month]],30) -> 45565 | N55: =IF(Table2[[#This Row],[Active]]="Yes",1,0) -> 0 | O55: =IF(Table2[[#This Row],[Churned]]="Yes",1,0) -> 1 | P55: Sep
A56: SUB9189 | B56: CUS4057 | C56: Pro | D56: 2499 | E56: 45537 | F56: Active | H56: =IF(AND(E56 <= $M56, OR(G56 = "", G56 > $M56)), "Yes", "No") -> Yes | I56: =IF(AND(E56>=$M56,E56<=$M56),"Yes","No") -> No | J56: =IF(AND(G56<> " ",G56>=$L56,G56<=$M56),"Yes","No") -> No | K56: =MONTH(Table2[[#This Row],[Subscription Start]]) -> 9 | L56: =DATE(2024,Table2[[#This Row],[Month]],1) -> 45536 | M56: =DATE(2024,Table2[[#This Row],[Month]],30) -> 45565 | N56: =IF(Table2[[#This Row],[Active]]="Yes",1,0) -> 1 | O56: =IF(Table2[[#This Row],[Churned]]="Yes",1,0) -> 0 | P56: Sep
A57: SUB9196 | B57: CUS4621 | C57: Basic | D57: 999 | E57: 45537 | F57: Active | H57: =IF(AND(E57 <= $M57, OR(G57 = "", G57 > $M57)), "Yes", "No") -> Yes | I57: =IF(AND(E57>=$M57,E57<=$M57),"Yes","No") -> No | J57: =IF(AND(G57<> " ",G57>=$L57,G57<=$M57),"Yes","No") -> No | K57: =MONTH(Table2[[#This Row],[Subscription Start]]) -> 9 | L57: =DATE(2024,Table2[[#This Row],[Month]],1) -> 45536 | M57: =DATE(2024,Table2[[#This Row],[Month]],30) -> 45565 | N57: =IF(Table2[[#This Row],[Active]]="Yes",1,0) -> 1 | O57: =IF(Table2[[#This Row],[Churned]]="Yes",1,0) -> 0 | P57: Sep
A58: SUB8097 | B58: CUS4782 | C58: Pro | D58: 2499 | E58: 45536 | F58: Active | H58: =IF(AND(E58 <= $M58, OR(G58 = "", G58 > $M58)), "Yes", "No") -> Yes | I58: =IF(AND(E58>=$M58,E58<=$M58),"Yes","No") -> No | J58: =IF(AND(G58<> " ",G58>=$L58,G58<=$M58),"Yes","No") -> No | K58: =MONTH(Table2[[#This Row],[Subscription Start]]) -> 9 | L58: =DATE(2024,Table2[[#This Row],[Month]],1) -> 45536 | M58: =DATE(2024,Table2[[#This Row],[Month]],30) -> 45565 | N58: =IF(Table2[[#This Row],[Active]]="Yes",1,0) -> 1 | O58: =IF(Table2[[#This Row],[Churned]]="Yes",1,0) -> 0 | P58: Sep
A59: SUB8182 | B59: CUS4530 | C59: Basic | D59: 999 | E59: 45536 | F59: Active | H59: =IF(AND(E59 <= $M59, OR(G59 = "", G59 > $M59)), "Yes", "No") -> Yes | I59: =IF(AND(E59>=$M59,E59<=$M59),"Yes","No") -> No | J59: =IF(AND(G59<> " ",G59>=$L59,G59<=$M59),"Yes","No") -> No | K59: =MONTH(Table2[[#This Row],[Subscription Start]]) -> 9 | L59: =DATE(2024,Table2[[#This Row],[Month]],1) -> 45536 | M59: =DATE(2024,Table2[[#This Row],[Month]],30) -> 45565 | N59: =IF(Table2[[#This Row],[Active]]="Yes",1,0) -> 1 | O59: =IF(Table2[[#This Row],[Churned]]="Yes",1,0) -> 0 | P59: Sep
A60: SUB8339 | B60: CUS4668 | C60: Basic | D60: 999 | E60: 45536 | F60: Canceled | G60: 45565 | H60: =IF(AND(E60 <= $M60, OR(G60 = "", G60 > $M60)), "Yes", "No") -> No | I60: =IF(AND(E60>=$M60,E60<=$M60),"Yes","No") -> No | J60: =IF(AND(G60<> " ",G60>=$L60,G60<=$M60),"Yes","No") -> Yes | K60: =MONTH(Table2[[#This Row],[Subscription Start]]) -> 9 | L60: =DATE(2024,Table2[[#This Row],[Month]],1) -> 45536 | M60: =DATE(2024,Table2[[#This Row],[Month]],30) -> 45565 | N60: =IF(Table2[[#This Row],[Active]]="Yes",1,0) -> 0 | O60: =IF(Table2[[#This Row],[Churned]]="Yes",1,0) -> 1 | P60: Sep
A61: SUB8649 | B61: CUS4652 | C61: Free | D61: 0 | E61: 45536 | F61: Active | H61: =IF(AND(E61 <= $M61, OR(G61 = "", G61 > $M61)), "Yes", "No") -> Yes | I61: =IF(AND(E61>=$M61,E61<=$M61),"Yes","No") -> No | J61: =IF(AND(G61<> " ",G61>=$L61,G61<=$M61),"Yes","No") -> No | K61: =MONTH(Table2[[#This Row],[Subscription Start]]) -> 9 | L61: =DATE(2024,Table2[[#This Row],[Month]],1) -> 45536 | M61: =DATE(2024,Table2[[#This Row],[Month]],30) -> 45565 | N61: =IF(Table2[[#This Row],[Active]]="Yes",1,0) -> 1 | O61: =IF(Table2[[#This Row],[Churned]]="Yes",1,0) -> 0 | P61: Sep
A62: SUB9013 | B62: CUS4360 | C62: Basic | D62: 999 | E62: 45536 | F62: Active | H62: =IF(AND(E62 <= $M62, OR(G62 = "", G62 > $M62)), "Yes", "No") -> Yes | I62: =IF(AND(E62>=$M62,E62<=$M62),"Yes","No") -> No | J62: =IF(AND(G62<> " ",G62>=$L62,G62<=$M62),"Yes","No") -> No | K62: =MONTH(Table2[[#This Row],[Subscription Start]]) -> 9 | L62: =DATE(2024,Table2[[#This Row],[Month]],1) -> 45536 | M62: =DATE(2024,Table2[[#This Row],[Month]],30) -> 45565 | N62: =IF(Table2[[#This Row],[Active]]="Yes",1,0) -> 1 | O62: =IF(Table2[[#This Row],[Churned]]="Yes",1,0) -> 0 | P62: Sep
A63: SUB9147 | B63: CUS4043 | C63: Pro | D63: 2499 | E63: 45536 | F63: Active | H63: =IF(AND(E63 <= $M63, OR(G63 = "", G63 > $M63)), "Yes", "No") -> Yes | I63: =IF(AND(E63>=$M63,E63<=$M63),"Yes","No") -> No | J63: =IF(AND(G63<> " ",G63>=$L63,G63<=$M63),"Yes","No") -> No | K63: =MONTH(Table2[[#This Row],[Subscription Start]]) -> 9 | L63: =DATE(2024,Table2[[#This Row],[Month]],1) -> 45536 | M63: =DATE(2024,Table2[[#This Row],[Month]],30) -> 45565 | N63: =IF(Table2[[#This Row],[Active]]="Yes",1,0) -> 1 | O63: =IF(Table2[[#This Row],[Churned]]="Yes",1,0) -> 0 | P63: Sep
A64: SUB8045 | B64: CUS4057 | C64: Basic | D64: 999 | E64: 45535 | F64: Active | H64: =IF(AND(E64 <= $M64, OR(G64 = "", G64 > $M64)), "Yes", "No") -> Yes | I64: =IF(AND(E64>=$M64,E64<=$M64),"Yes","No") -> Yes | J64: =IF(AND(G64<> " ",G64>=$L64,G64<=$M64),"Yes","No") -> No | K64: =MONTH(Table2[[#This Row],[Subscription Start]]) -> 8 | L64: =DATE(2024,Table2[[#This Row],[Month]],1) -> 45505 | M64: =DATE(2024,Table2[[#This Row],[Month]],31) -> 45535 | N64: =IF(Table2[[#This Row],[Active]]="Yes",1,0) -> 1 | O64: =IF(Table2[[#This Row],[Churned]]="Yes",1,0) -> 0 | P64: Aug
A65: SUB8156 | B65: CUS4337 | C65: Basic | D65: 999 | E65: 45535 | F65: Active | H65: =IF(AND(E65 <= $M65, OR(G65 = "", G65 > $M65)), "Yes", "No") -> Yes | I65: =IF(AND(E65>=$M65,E65<=$M65),"Yes","No") -> Yes | J65: =IF(AND(G65<> " ",G65>=$L65,G65<=$M65),"Yes","No") -> No | K65: =MONTH(Table2[[#This Row],[Subscription Start]]) -> 8 | L65: =DATE(2024,Table2[[#This Row],[Month]],1) -> 45505 | M65: =DATE(2024,Table2[[#This Row],[Month]],31) -> 45535 | N65: =IF(Table2[[#This Row],[Active]]="Yes",1,0) -> 1 | O65: =IF(Table2[[#This Row],[Churned]]="Yes",1,0) -> 0 | P65: Aug
A66: SUB8169 | B66: CUS4128 | C66: Free | D66: 0 | E66: 45535 | F66: Active | H66: =IF(AND(E66 <= $M66, OR(G66 = "", G66 > $M66)), "Yes", "No") -> Yes | I66: =IF(AND(E66>=$M66,E66<=$M66),"Yes","No") -> Yes | J66: =IF(AND(G66<> " ",G66>=$L66,G66<=$M66),"Yes","No") -> No | K66: =MONTH(Table2[[#This Row],[Subscription Start]]) -> 8 | L66: =DATE(2024,Table2[[#This Row],[Month]],1) -> 45505 | M66: =DATE(2024,Table2[[#This Row],[Month]],31) -> 45535 | N66: =IF(Table2[[#This Row],[Active]]="Yes",1,0) -> 1 | O66: =IF(Table2[[#This Row],[Churned]]="Yes",1,0) -> 0 | P66: Aug
A67: SUB8242 | B67: CUS4724 | C67: Basic | D67: 999 | E67: 45535 | F67: Canceled | G67: 45565 | H67: =IF(AND(E67 <= $M67, OR(G67 = "", G67 > $M67)), "Yes", "No") -> Yes | I67: =IF(AND(E67>=$M67,E67<=$M67),"Yes","No") -> Yes | J67: =IF(AND(G67<> " ",G67>=$L67,G67<=$M67),"Yes","No") -> No | K67: =MONTH(Table2[[#This Row],[Subscription Start]]) -> 8 | L67: =DATE(2024,Table2[[#This Row],[Month]],1) -> 45505 | M67: =DATE(2024,Table2[[#This Row],[Month]],31) -> 45535 | N67: =IF(Table2[[#This Row],[Active]]="Yes",1,0) -> 1 | O67: =IF(Table2[[#This Row],[Churned]]="Yes",1,0) -> 0 | P67: Aug
A68: SUB8267 | B68: CUS4724 | C68: Basic | D68: 999 | E68: 45535 | F68: Active | H68: =IF(AND(E68 <= $M68, OR(G68 = "", G68 > $M68)), "Yes", "No") -> Yes | I68: =IF(AND(E68>=$M68,E68<=$M68),"Yes","No") -> Yes | J68: =IF(AND(G68<> " ",G68>=$L68,G68<=$M68),"Yes","No") -> No | K68: =MONTH(Table2[[#This Row],[Subscription Start]]) -> 8 | L68: =DATE(2024,Table2[[#This Row],[Month]],1) -> 45505 | M68: =DATE(2024,Table2[[#This Row],[Month]],31) -> 45535 | N68: =IF(Table2[[#This Row],[Active]]="Yes",1,0) -> 1 | O68: =IF(Table2[[#This Row],[Churned]]="Yes",1,0) -> 0 | P68: Aug
A69: SUB8322 | B69: CUS4215 | C69: Basic | D69: 999 | E69: 45535 | F69: Active | H69: =IF(AND(E69 <= $M69, OR(G69 = "", G69 > $M69)), "Yes", "No") -> Yes | I69: =IF(AND(E69>=$M69,E69<=$M69),"Yes","No") -> Yes | J69: =IF(AND(G69<> " ",G69>=$L69,G69<=$M69),"Yes","No") -> No | K69: =MONTH(Table2[[#This Row],[Subscription Start]]) -> 8 | L69: =DATE(2024,Table2[[#This Row],[Month]],1) -> 45505 | M69: =DATE(2024,Table2[[#This Row],[Month]],31) -> 45535 | N69: =IF(Table2[[#This Row],[Active]]="Yes",1,0) -> 1 | O69: =IF(Table2[[#This Row],[Churned]]="Yes",1,0) -> 0 | P69: Aug
A70: SUB8421 | B70: CUS4189 | C70: Basic | D70: 999 | E70: 45535 | F70: Canceled | G70: 45565 | H70: =IF(AND(E70 <= $M70, OR(G70 = "", G70 > $M70)), "Yes", "No") -> Yes | I70: =IF(AND(E70>=$M70,E70<=$M70),"Yes","No") -> Yes | J70: =IF(AND(G70<> " ",G70>=$L70,G70<=$M70),"Yes","No") -> No | K70: =MONTH(Table2[[#This Row],[Subscription Start]]) -> 8 | L70: =DATE(2024,Table2[[#This Row],[Month]],1) -> 45505 | M70: =DATE(2024,Table2[[#This Row],[Month]],31) -> 45535 | N70: =IF(Table2[[#This Row],[Active]]="Yes",1,0) -> 1 | O70: =IF(Table2[[#This Row],[Churned]]="Yes",1,0) -> 0 | P70: Aug
A71: SUB8569 | B71: CUS4199 | C71: Free | D71: 0 | E71: 45535 | F71: Active | H71: =IF(AND(E71 <= $M71, OR(G71 = "", G71 > $M71)), "Yes", "No") -> Yes | I71: =IF(AND(E71>=$M71,E71<=$M71),"Yes","No") -> Yes | J71: =IF(AND(G71<> " ",G71>=$L71,G71<=$M71),"Yes","No") -> No | K71: =MONTH(Table2[[#This Row],[Subscription Start]]) -> 8 | L71: =DATE(2024,Table2[[#This Row],[Month]],1) -> 45505 | M71: =DATE(2024,Table2[[#This Row],[Month]],31) -> 45535 | N71: =IF(Table2[[#This Row],[Active]]="Yes",1,0) -> 1 | O71: =IF(Table2[[#This Row],[Churned]]="Yes",1,0) -> 0 | P71: Aug
A72: SUB8759 | B72: CUS4267 | C72: Enterprise | D72: 9999 | E72: 45535 | F72: Canceled | G72: 45565 | H72: =IF(AND(E72 <= $M72, OR(G72 = "", G72 > $M72)), "Yes", "No") -> Yes | I72: =IF(AND(E72>=$M72,E72<=$M72),"Yes","No") -> Yes | J72: =IF(AND(G72<> " ",G72>=$L72,G72<=$M72),"Yes","No") -> No | K72: =MONTH(Table2[[#This Row],[Subscription Start]]) -> 8 | L72: =DATE(2024,Table2[[#This Row],[Month]],1) -> 45505 | M72: =DATE(2024,Table2[[#This Row],[Month]],31) -> 45535 | N72: =IF(Table2[[#This Row],[Active]]="Yes",1,0) -> 1 | O72: =IF(Table2[[#This Row],[Churned]]="Yes",1,0) -> 0 | P72: Aug
A73: SUB8857 | B73: CUS4415 | C73: Basic | D73: 999 | E73: 45535 | F73: Active | H73: =IF(AND(E73 <= $M73, OR(G73 = "", G73 > $M73)), "Yes", "No") -> Yes | I73: =IF(AND(E73>=$M73,E73<=$M73),"Yes","No") -> Yes | J73: =IF(AND(G73<> " ",G73>=$L73,G73<=$M73),"Yes","No") -> No | K73: =MONTH(Table2[[#This Row],[Subscription Start]]) -> 8 | L73: =DATE(2024,Table2[[#This Row],[Month]],1) -> 45505 | M73: =DATE(2024,Table2[[#This Row],[Month]],31) -> 45535 | N73: =IF(Table2[[#This Row],[Active]]="Yes",1,0) -> 1 | O73: =IF(Table2[[#This Row],[Churned]]="Yes",1,0) -> 0 | P73: Aug
A74: SUB8060 | B74: CUS4091 | C74: Basic | D74: 999 | E74: 45534 | F74: Canceled | G74: 45565 | H74: =IF(AND(E74 <= $M74, OR(G74 = "", G74 > $M74)), "Yes", "No") -> Yes | I74: =IF(AND(E74>=$M74,E74<=$M74),"Yes","No") -> No | J74: =IF(AND(G74<> " ",G74>=$L74,G74<=$M74),"Yes","No") -> No | K74: =MONTH(Table2[[#This Row],[Subscription Start]]) -> 8 | L74: =DATE(2024,Table2[[#This Row],[Month]],1) -> 45505 | M74: =DATE(2024,Table2[[#This Row],[Month]],31) -> 45535 | N74: =IF(Table2[[#This Row],[Active]]="Yes",1,0) -> 1 | O74: =IF(Table2[[#This Row],[Churned]]="Yes",1,0) -> 0 | P74: Aug
A75: SUB8429 | B75: CUS4771 | C75: Free | D75: 0 | E75: 45534 | F75: Active | H75: =IF(AND(E75 <= $M75, OR(G75 = "", G75 > $M75)), "Yes", "No") -> Yes | I75: =IF(AND(E75>=$M75,E75<=$M75),"Yes","No") -> No | J75: =IF(AND(G75<> " ",G75>=$L75,G75<=$M75),"Yes","No") -> No | K75: =MONTH(Table2[[#This Row],[Subscription Start]]) -> 8 | L75: =DATE(2024,Table2[[#This Row],[Month]],1) -> 45505 | M75: =DATE(2024,Table2[[#This Row],[Month]],31) -> 45535 | N75: =IF(Table2[[#This Row],[Active]]="Yes",1,0) -> 1 | O75: =IF(Table2[[#This Row],[Churned]]="Yes",1,0) -> 0 | P75: Aug
A76: SUB8632 | B76: CUS4439 | C76: Pro | D76: 2499 | E76: 45534 | F76: Canceled | G76: 45565 | H76: =IF(AND(E76 <= $M76, OR(G76 = "", G76 > $M76)), "Yes", "No") -> Yes | I76: =IF(AND(E76>=$M76,E76<=$M76),"Yes","No") -> No | J76: =IF(AND(G76<> " ",G76>=$L76,G76<=$M76),"Yes","No") -> No | K76: =MONTH(Table2[[#This Row],[Subscription Start]]) -> 8 | L76: =DATE(2024,Table2[[#This Row],[Month]],1) -> 45505 | M76: =DATE(2024,Table2[[#This Row],[Month]],31) -> 45535 | N76: =IF(Table2[[#This Row],[Active]]="Yes",1,0) -> 1 | O76: =IF(Table2[[#This Row],[Churned]]="Yes",1,0) -> 0 | P76: Aug
A77: SUB8681 | B77: CUS4484 | C77: Basic | D77: 999 | E77: 45534 | F77: Active | H77: =IF(AND(E77 <= $M77, OR(G77 = "", G77 > $M77)), "Yes", "No") -> Yes | I77: =IF(AND(E77>=$M77,E77<=$M77),"Yes","No") -> No | J77: =IF(AND(G77<> " ",G77>=$L77,G77<=$M77),"Yes","No") -> No | K77: =MONTH(Table2[[#This Row],[Subscription Start]]) -> 8 | L77: =DATE(2024,Table2[[#This Row],[Month]],1) -> 45505 | M77: =DATE(2024,Table2[[#This Row],[Month]],31) -> 45535 | N77: =IF(Table2[[#This Row],[Active]]="Yes",1,0) -> 1 | O77: =IF(Table2[[#This Row],[Churned]]="Yes",1,0) -> 0 | P77: Aug
A78: SUB8721 | B78: CUS4128 | C78: Free | D78: 0 | E78: 45534 | F78: Canceled | G78: 45565 | H78: =IF(AND(E78 <= $M78, OR(G78 = "", G78 > $M78)), "Yes", "No") -> Yes | I78: =IF(AND(E78>=$M78,E78<=$M78),"Yes","No") -> No | J78: =IF(AND(G78<> " ",G78>=$L78,G78<=$M78),"Yes","No") -> No | K78: =MONTH(Table2[[#This Row],[Subscription Start]]) -> 8 | L78: =DATE(2024,Table2[[#This Row],[Month]],1) -> 45505 | M78: =DATE(2024,Table2[[#This Row],[Month]],31) -> 45535 | N78: =IF(Table2[[#This Row],[Active]]="Yes",1,0) -> 1 | O78: =IF(Table2[[#This Row],[Churned]]="Yes",1,0) -> 0 | P78: Aug
A79: SUB8004 | B79: CUS4128 | C79: Pro | D79: 2499 | E79: 45533 | F79: Active | H79: =IF(AND(E79 <= $M79, OR(G79 = "", G79 > $M79)), "Yes", "No") -> Yes | I79: =IF(AND(E79>=$M79,E79<=$M79),"Yes","No") -> No | J79: =IF(AND(G79<> " ",G79>=$L79,G79<=$M79),"Yes","No") -> No | K79: =MONTH(Table2[[#This Row],[Subscription Start]]) -> 8 | L79: =DATE(2024,Table2[[#This Row],[Month]],1) -> 45505 | M79: =DATE(2024,Table2[[#This Row],[Month]],31) -> 45535 | N79: =IF(Table2[[#This Row],[Active]]="Yes",1,0) -> 1 | O79: =IF(Table2[[#This Row],[Churned]]="Yes",1,0) -> 0 | P79: Aug
A80: SUB8520 | B80: CUS4742 | C80: Basic | D80: 999 | E80: 45533 | F80: Active | H80: =IF(AND(E80 <= $M80, OR(G80 = "", G80 > $M80)), "Yes", "No") -> Yes | I80: =IF(AND(E80>=$M80,E80<=$M80),"Yes","No") -> No | J80: =IF(AND(G80<> " ",G80>=$L80,G80<=$M80),"Yes","No") -> No | K80: =MONTH(Table2[[#This Row],[Subscription Start]]) -> 8 | L80: =DATE(2024,Table2[[#This Row],[Month]],1) -> 45505 | M80: =DATE(2024,Table2[[#This Row],[Month]],31) -> 45535 | N80: =IF(Table2[[#This Row],[Active]]="Yes",1,0) -> 1 | O80: =IF(Table2[[#This Row],[Churned]]="Yes",1,0) -> 0 | P80: Aug
A81: SUB8588 | B81: CUS4771 | C81: Basic | D81: 999 | E81: 45533 | F81: Active | H81: =IF(AND(E81 <= $M81, OR(G81 = "", G81 > $M81)), "Yes", "No") -> Yes | I81: =IF(AND(E81>=$M81,E81<=$M81),"Yes","No") -> No | J81: =IF(AND(G81<> " ",G81>=$L81,G81<=$M81),"Yes","No") -> No | K81: =MONTH(Table2[[#This Row],[Subscription Start]]) -> 8 | L81: =DATE(2024,Table2[[#This Row],[Month]],1) -> 45505 | M81: =DATE(2024,Table2[[#This Row],[Month]],31) -> 45535 | N81: =IF(Table2[[#This Row],[Active]]="Yes",1,0) -> 1 | O81: =IF(Table2[[#This Row],[Churned]]="Yes",1,0) -> 0 | P81: Aug
A82: SUB8841 | B82: CUS4476 | C82: Basic | D82: 999 | E82: 45533 | F82: Active | H82: =IF(AND(E82 <= $M82, OR(G82 = "", G82 > $M82)), "Yes", "No") -> Yes | I82: =IF(AND(E82>=$M82,E82<=$M82),"Yes","No") -> No | J82: =IF(AND(G82<> " ",G82>=$L82,G82<=$M82),"Yes","No") -> No | K82: =MONTH(Table2[[#This Row],[Subscription Start]]) -> 8 | L82: =DATE(2024,Table2[[#This Row],[Month]],1) -> 45505 | M82: =DATE(2024,Table2[[#This Row],[Month]],31) -> 45535 | N82: =IF(Table2[[#This Row],[Active]]="Yes",1,0) -> 1 | O82: =IF(Table2[[#This Row],[Churned]]="Yes",1,0) -> 0 | P82: Aug
A83: SUB8898 | B83: CUS4141 | C83: Pro | D83: 2499 | E83: 45533 | F83: Active | H83: =IF(AND(E83 <= $M83, OR(G83 = "", G83 > $M83)), "Yes", "No") -> Yes | I83: =IF(AND(E83>=$M83,E83<=$M83),"Yes","No") -> No | J83: =IF(AND(G83<> " ",G83>=$L83,G83<=$M83),"Yes","No") -> No | K83: =MONTH(Table2[[#This Row],[Subscription Start]]) -> 8 | L83: =DATE(2024,Table2[[#This Row],[Month]],1) -> 45505 | M83: =DATE(2024,Table2[[#This Row],[Month]],31) -> 45535 | N83: =IF(Table2[[#This Row],[Active]]="Yes",1,0) -> 1 | O83: =IF(Table2[[#This Row],[Churned]]="Yes",1,0) -> 0 | P83: Aug
A84: SUB9163 | B84: CUS4771 | C84: Pro | D84: 2499 | E84: 45533 | F84: Canceled | G84: 45565 | H84: =IF(AND(E84 <= $M84, OR(G84 = "", G84 > $M84)), "Yes", "No") -> Yes | I84: =IF(AND(E84>=$M84,E84<=$M84),"Yes","No") -> No | J84: =IF(AND(G84<> " ",G84>=$L84,G84<=$M84),"Yes","No") -> No | K84: =MONTH(Table2[[#This Row],[Subscription Start]]) -> 8 | L84: =DATE(2024,Table2[[#This Row],[Month]],1) -> 45505 | M84: =DATE(2024,Table2[[#This Row],[Month]],31) -> 45535 | N84: =IF(Table2[[#This Row],[Active]]="Yes",1,0) -> 1 | O84: =IF(Table2[[#This Row],[Churned]]="Yes",1,0) -> 0 | P84: Aug
A85: SUB8102 | B85: CUS4233 | C85: Pro | D85: 2499 | E85: 45532 | F85: Active | H85: =IF(AND(E85 <= $M85, OR(G85 = "", G85 > $M85)), "Yes", "No") -> Yes | I85: =IF(AND(E85>=$M85,E85<=$M85),"Yes","No") -> No | J85: =IF(AND(G85<> " ",G85>=$L85,G85<=$M85),"Yes","No") -> No | K85: =MONTH(Table2[[#This Row],[Subscription Start]]) -> 8 | L85: =DATE(2024,Table2[[#This Row],[Month]],1) -> 45505 | M85: =DATE(2024,Table2[[#This Row],[Month]],31) -> 45535 | N85: =IF(Table2[[#This Row],[Active]]="Yes",1,0) -> 1 | O85: =IF(Table2[[#This Row],[Churned]]="Yes",1,0) -> 0 | P85: Aug
A86: SUB8111 | B86: CUS4104 | C86: Basic | D86: 999 | E86: 45532 | F86: Canceled | G86: 45565 | H86: =IF(AND(E86 <= $M86, OR(G86 = "", G86 > $M86)), "Yes", "No") -> Yes | I86: =IF(AND(E86>=$M86,E86<=$M86),"Yes","No") -> No | J86: =IF(AND(G86<> " ",G86>=$L86,G86<=$M86),"Yes","No") -> No | K86: =MONTH(Table2[[#This Row],[Subscription Start]]) -> 8 | L86: =DATE(2024,Table2[[#This Row],[Month]],1) -> 45505 | M86: =DATE(2024,Table2[[#This Row],[Month]],31) -> 45535 | N86: =IF(Table2[[#This Row],[Active]]="Yes",1,0) -> 1 | O86: =IF(Table2[[#This Row],[Churned]]="Yes",1,0) -> 0 | P86: Aug
A87: SUB8239 | B87: CUS4141 | C87: Basic | D87: 999 | E87: 45532 | F87: Active | H87: =IF(AND(E87 <= $M87, OR(G87 = "", G87 > $M87)), "Yes", "No") -> Yes | I87: =IF(AND(E87>=$M87,E87<=$M87),"Yes","No") -> No | J87: =IF(AND(G87<> " ",G87>=$L87,G87<=$M87),"Yes","No") -> No | K87: =MONTH(Table2[[#This Row],[Subscription Start]]) -> 8 | L87: =DATE(2024,Table2[[#This Row],[Month]],1) -> 45505 | M87: =DATE(2024,Table2[[#This Row],[Month]],31) -> 45535 | N87: =IF(Table2[[#This Row],[Active]]="Yes",1,0) -> 1 | O87: =IF(Table2[[#This Row],[Churned]]="Yes",1,0) -> 0 | P87: Aug
A88: SUB8486 | B88: CUS4171 | C88: Basic | D88: 999 | E88: 45532 | F88: Active | H88: =IF(AND(E88 <= $M88, OR(G88 = "", G88 > $M88)), "Yes", "No") -> Yes | I88: =IF(AND(E88>=$M88,E88<=$M88),"Yes","No") -> No | J88: =IF(AND(G88<> " ",G88>=$L88,G88<=$M88),"Yes","No") -> No | K88: =MONTH(Table2[[#This Row],[Subscription Start]]) -> 8 | L88: =DATE(2024,Table2[[#This Row],[Month]],1) -> 45505 | M88: =DATE(2024,Table2[[#This Row],[Month]],31) -> 45535 | N88: =IF(Table2[[#This Row],[Active]]="Yes",1,0) -> 1 | O88: =IF(Table2[[#This Row],[Churned]]="Yes",1,0) -> 0 | P88: Aug
A89: SUB8701 | B89: CUS4375 | C89: Basic | D89: 999 | E89: 45532 | F89: Active | H89: =IF(AND(E89 <= $M89, OR(G89 = "", G89 > $M89)), "Yes", "No") -> Yes | I89: =IF(AND(E89>=$M89,E89<=$M89),"Yes","No") -> No | J89: =IF(AND(G89<> " ",G89>=$L89,G89<=$M89),"Yes","No") -> No | K89: =MONTH(Table2[[#This Row],[Subscription Start]]) -> 8 | L89: =DATE(2024,Table2[[#This Row],[Month]],1) -> 45505 | M89: =DATE(2024,Table2[[#This Row],[Month]],31) -> 45535 | N89: =IF(Table2[[#This Row],[Active]]="Yes",1,0) -> 1 | O89: =IF(Table2[[#This Row],[Churned]]="Yes",1,0) -> 0 | P89: Aug
A90: SUB8995 | B90: CUS4208 | C90: Pro | D90: 2499 | E90: 45532 | F90: Active | H90: =IF(AND(E90 <= $M90, OR(G90 = "", G90 > $M90)), "Yes", "No") -> Yes | I90: =IF(AND(E90>=$M90,E90<=$M90),"Yes","No") -> No | J90: =IF(AND(G90<> " ",G90>=$L90,G90<=$M90),"Yes","No") -> No | K90: =MONTH(Table2[[#This Row],[Subscription Start]]) -> 8 | L90: =DATE(2024,Table2[[#This Row],[Month]],1) -> 45505 | M90: =DATE(2024,Table2[[#This Row],[Month]],31) -> 45535 | N90: =IF(Table2[[#This Row],[Active]]="Yes",1,0) -> 1 | O90: =IF(Table2[[#This Row],[Churned]]="Yes",1,0) -> 0 | P90: Aug
A91: SUB8059 | B91: CUS4627 | C91: Basic | D91: 999 | E91: 45531 | F91: Active | H91: =IF(AND(E91 <= $M91, OR(G91 = "", G91 > $M91)), "Yes", "No") -> Yes | I91: =IF(AND(E91>=$M91,E91<=$M91),"Yes","No") -> No | J91: =IF(AND(G91<> " ",G91>=$L91,G91<=$M91),"Yes","No") -> No | K91: =MONTH(Table2[[#This Row],[Subscription Start]]) -> 8 | L91: =DATE(2024,Table2[[#This Row],[Month]],1) -> 45505 | M91: =DATE(2024,Table2[[#This Row],[Month]],31) -> 45535 | N91: =IF(Table2[[#This Row],[Active]]="Yes",1,0) -> 1 | O91: =IF(Table2[[#This Row],[Churned]]="Yes",1,0) -> 0 | P91: Aug
A92: SUB8070 | B92: CUS4171 | C92: Free | D92: 0 | E92: 45531 | F92: Canceled | G92: 45565 | H92: =IF(AND(E92 <= $M92, OR(G92 = "", G92 > $M92)), "Yes", "No") -> Yes | I92: =IF(AND(E92>=$M92,E92<=$M92),"Yes","No") -> No | J92: =IF(AND(G92<> " ",G92>=$L92,G92<=$M92),"Yes","No") -> No | K92: =MONTH(Table2[[#This Row],[Subscription Start]]) -> 8 | L92: =DATE(2024,Table2[[#This Row],[Month]],1) -> 45505 | M92: =DATE(2024,Table2[[#This Row],[Month]],31) -> 45535 | N92: =IF(Table2[[#This Row],[Active]]="Yes",1,0) -> 1 | O92: =IF(Table2[[#This Row],[Churned]]="Yes",1,0) -> 0 | P92: Aug
A93: SUB8147 | B93: CUS4621 | C93: Basic | D93: 999 | E93: 45531 | F93: Active | H93: =IF(AND(E93 <= $M93, OR(G93 = "", G93 > $M93)), "Yes", "No") -> Yes | I93: =IF(AND(E93>=$M93,E93<=$M93),"Yes","No") -> No | J93: =IF(AND(G93<> " ",G93>=$L93,G93<=$M93),"Yes","No") -> No | K93: =MONTH(Table2[[#This Row],[Subscription Start]]) -> 8 | L93: =DATE(2024,Table2[[#This Row],[Month]],1) -> 45505 | M93: =DATE(2024,Table2[[#This Row],[Month]],31) -> 45535 | N93: =IF(Table2[[#This Row],[Active]]="Yes",1,0) -> 1 | O93: =IF(Table2[[#This Row],[Churned]]="Yes",1,0) -> 0 | P93: Aug
A94: SUB8781 | B94: CUS4007 | C94: Pro | D94: 2499 | E94: 45531 | F94: Active | H94: =IF(AND(E94 <= $M94, OR(G94 = "", G94 > $M94)), "Yes", "No") -> Yes | I94: =IF(AND(E94>=$M94,E94<=$M94),"Yes","No") -> No | J94: =IF(AND(G94<> " ",G94>=$L94,G94<=$M94),"Yes","No") -> No | K94: =MONTH(Table2[[#This Row],[Subscription Start]]) -> 8 | L94: =DATE(2024,Table2[[#This Row],[Month]],1) -> 45505 | M94: =DATE(2024,Table2[[#This Row],[Month]],31) -> 45535 | N94: =IF(Table2[[#This Row],[Active]]="Yes",1,0) -> 1 | O94: =IF(Table2[[#This Row],[Churned]]="Yes",1,0) -> 0 | P94: Aug
A95: SUB8954 | B95: CUS4668 | C95: Basic | D95: 999 | E95: 45531 | F95: Canceled | G95: 45565 | H95: =IF(AND(E95 <= $M95, OR(G95 = "", G95 > $M95)), "Yes", "No") -> Yes | I95: =IF(AND(E95>=$M95,E95<=$M95),"Yes","No") -> No | J95: =IF(AND(G95<> " ",G95>=$L95,G95<=$M95),"Yes","No") -> No | K95: =MONTH(Table2[[#This Row],[Subscription Start]]) -> 8 | L95: =DATE(2024,Table2[[#This Row],[Month]],1) -> 45505 | M95: =DATE(2024,Table2[[#This Row],[Month]],31) -> 45535 | N95: =IF(Table2[[#This Row],[Active]]="Yes",1,0) -> 1 | O95: =IF(Table2[[#This Row],[Churned]]="Yes",1,0) -> 0 | P95: Aug
A96: SUB9146 | B96: CUS4659 | C96: Basic | D96: 999 | E96: 45531 | F96: Active | H96: =IF(AND(E96 <= $M96, OR(G96 = "", G96 > $M96)), "Yes", "No") -> Yes | I96: =IF(AND(E96>=$M96,E96<=$M96),"Yes","No") -> No | J96: =IF(AND(G96<> " ",G96>=$L96,G96<=$M96),"Yes","No") -> No | K96: =MONTH(Table2[[#This Row],[Subscription Start]]) -> 8 | L96: =DATE(2024,Table2[[#This Row],[Month]],1) -> 45505 | M96: =DATE(2024,Table2[[#This Row],[Month]],31) -> 45535 | N96: =IF(Table2[[#This Row],[Active]]="Yes",1,0) -> 1 | O96: =IF(Table2[[#This Row],[Churned]]="Yes",1,0) -> 0 | P96: Aug
A97: SUB9178 | B97: CUS4638 | C97: Basic | D97: 999 | E97: 45531 | F97: Canceled | G97: 45565 | H97: =IF(AND(E97 <= $M97, OR(G97 = "", G97 > $M97)), "Yes", "No") -> Yes | I97: =IF(AND(E97>=$M97,E97<=$M97),"Yes","No") -> No | J97: =IF(AND(G97<> " ",G97>=$L97,G97<=$M97),"Yes","No") -> No | K97: =MONTH(Table2[[#This Row],[Subscription Start]]) -> 8 | L97: =DATE(2024,Table2[[#This Row],[Month]],1) -> 45505 | M97: =DATE(2024,Table2[[#This Row],[Month]],31) -> 45535 | N97: =IF(Table2[[#This Row],[Active]]="Yes",1,0) -> 1 | O97: =IF(Table2[[#This Row],[Churned]]="Yes",1,0) -> 0 | P97: Aug
A98: SUB8360 | B98: CUS4057 | C98: Basic | D98: 999 | E98: 45530 | F98: Canceled | G98: 45565 | H98: =IF(AND(E98 <= $M98, OR(G98 = "", G98 > $M98)), "Yes", "No") -> Yes | I98: =IF(AND(E98>=$M98,E98<=$M98),"Yes","No") -> No | J98: =IF(AND(G98<> " ",G98>=$L98,G98<=$M98),"Yes","No") -> No | K98: =MONTH(Table2[[#This Row],[Subscription Start]]) -> 8 | L98: =DATE(2024,Table2[[#This Row],[Month]],1) -> 45505 | M98: =DATE(2024,Table2[[#This Row],[Month]],31) -> 45535 | N98: =IF(Table2[[#This Row],[Active]]="Yes",1,0) -> 1 | O98: =IF(Table2[[#This Row],[Churned]]="Yes",1,0) -> 0 | P98: Aug
A99: SUB8482 | B99: CUS4127 | C99: Free | D99: 0 | E99: 45530 | F99: Active | H99: =IF(AND(E99 <= $M99, OR(G99 = "", G99 > $M99)), "Yes", "No") -> Yes | I99: =IF(AND(E99>=$M99,E99<=$M99),"Yes","No") -> No | J99: =IF(AND(G99<> " ",G99>=$L99,G99<=$M99),"Yes","No") -> No | K99: =MONTH(Table2[[#This Row],[Subscription Start]]) -> 8 | L99: =DATE(2024,Table2[[#This Row],[Month]],1) -> 45505 | M99: =DATE(2024,Table2[[#This Row],[Month]],31) -> 45535 | N99: =IF(Table2[[#This Row],[Active]]="Yes",1,0) -> 1 | O99: =IF(Table2[[#This Row],[Churned]]="Yes",1,0) -> 0 | P99: Aug
A100: SUB8728 | B100: CUS4233 | C100: Pro | D100: 2499 | E100: 45530 | F100: Canceled | G100: 45565 | H100: =IF(AND(E100 <= $M100, OR(G100 = "", G100 > $M100)), "Yes", "No") -> Yes | I100: =IF(AND(E100>=$M100,E100<=$M100),"Yes","No") -> No | J100: =IF(AND(G100<> " ",G100>=$L100,G100<=$M100),"Yes","No") -> No | K100: =MONTH(Table2[[#This Row],[Subscription Start]]) -> 8 | L100: =DATE(2024,Table2[[#This Row],[Month]],1) -> 45505 | M100: =DATE(2024,Table2[[#This Row],[Month]],31) -> 45535 | N100: =IF(Table2[[#This Row],[Active]]="Yes",1,0) -> 1 | O100: =IF(Table2[[#This Row],[Churned]]="Yes",1,0) -> 0 | P100: Aug
...

Sheet Users
A1: Customer ID | B1: Signup Date | C1: Country | D1: Acquisition Source | E1: Company Size
A2: CUS4000 | B2: 45474 | C2: UK | D2: Google Ads | E2: 21-100
A3: CUS4001 | B3: 45476 | C3: India | D3: Google Ads | E3: 1-5
A4: CUS4002 | B4: 45389 | C4: US | D4: Google Ads | E4: 100+
A5: CUS4003 | B5: 45478 | C5: India | D5: Direct | E5: 6-20
A6: CUS4004 | B6: 45429 | C6: Canada | D6: Google Ads | E6: 1-5
A7: CUS4005 | B7: 45426 | C7: India | D7: LinkedIn | E7: 1-5
A8: CUS4006 | B8: 45325 | C8: India | D8: Referral | E8: 1-5
A9: CUS4007 | B9: 45507 | C9: Germany | D9: Google Ads | E9: 1-5
A10: CUS4008 | B10: 45492 | C10: Germany | D10: Google Ads | E10: 6-20
A11: CUS4009 | B11: 45354 | C11: India | D11: Content | E11: 6-20
A12: CUS4010 | B12: 45340 | C12: India | D12: Direct | E12: 21-100
A13: CUS4011 | B13: 45443 | C13: Canada | D13: Google Ads | E13: 6-20
... A801: CUS4799 | B801: 45304 | C801: US | D801: LinkedIn | E801: 6-20

Sheet Subscription+Users
A1: Subscription ID | B1: Customer ID | C1: Plan Type | D1: Monthly Price | E1: Subscription Start | F1: Subscription Status | G1: Churn Date | H1: Signup Date | I1: Country | J1: Acquisition Source | K1: Company Size
A2: SUB8000 | B2: CUS4797 | C2: Free | D2: 0 | E2: 45399 | F2: Active | H2: 45390 | I2: India | J2: Google Ads | K2: 1-5
A3: SUB8052 | B3: CUS4797 | C3: Basic | D3: 999 | E3: 45411 | F3: Active | H3: 45390 | I3: India | J3: Google Ads | K3: 1-5
A4: SUB8476 | B4: CUS4797 | C4: Free | D4: 0 | E4: 45412 | F4: Active | H4: 45390 | I4: India | J4: Google Ads | K4: 1-5
A5: SUB8618 | B5: CUS4797 | C5: Basic | D5: 999 | E5: 45413 | F5: Active | H5: 45390 | I5: India | J5: Google Ads | K5: 1-5
A6: SUB8657 | B6: CUS4000 | C6: Free | D6: 0 | E6: 45492 | F6: Active | H6: 45474 | I6: UK | J6: Google Ads | K6: 21-100
A7: SUB8001 | B7: CUS4470 | C7: Free | D7: 0 | E7: 45489 | F7: Canceled | G7: 45565 | H7: 45483 | I7: Canada | J7: Content | K7: 6-20
A8: SUB8002 | B8: CUS4378 | C8: Free | D8: 0 | E8: 45492 | F8: Canceled | G8: 45565 | H8: 45484 | I8: UK | J8: Content | K8: 100+
A9: SUB8139 | B9: CUS4002 | C9: Pro | D9: 2499 | E9: 45419 | F9: Active | H9: 45389 | I9: US | J9: Google Ads | K9: 100+
A10: SUB8266 | B10: CUS4002 | C10: Basic | D10: 999 | E10: 45407 | F10: Active | H10: 45389 | I10: US | J10: Google Ads | K10: 100+
A11: SUB8694 | B11: CUS4002 | C11: Basic | D11: 999 | E11: 45417 | F11: Canceled | G11: 45465 | H11: 45389 | I11: US | J11: Google Ads | K11: 100+
A12: SUB8003 | B12: CUS4626 | C12: Basic | D12: 999 | E12: 45515 | F12: Active | H12: 45515 | I12: India | J12: Content | K12: 6-20
A13: SUB8320 | B13: CUS4626 | C13: Pro | D13: 2499 | E13: 45515 | F13: Active | H13: 45515 | I13: India | J13: Content | K13: 6-20
A14: SUB8004 | B14: CUS4128 | C14: Pro | D14: 2499 | E14: 45533 | F14: Active | H14: 45531 | I14: India | J14: LinkedIn | K14: 1-5
A15: SUB8169 | B15: CUS4128 | C15: Free | D15: 0 | E15: 45535 | F15: Active | H15: 45531 | I15: India | J15: LinkedIn | K15: 1-5
A16: SUB8721 | B16: CUS4128 | C16: Free | D16: 0 | E16: 45534 | F16: Canceled | G16: 45565 | H16: 45531 | I16: India | J16: LinkedIn | K16: 1-5
A17: SUB8005 | B17: CUS4019 | C17: Basic | D17: 999 | E17: 45334 | F17: Active | H17: 45320 | I17: India | J17: LinkedIn | K17: 21-100
A18: SUB8186 | B18: CUS4019 | C18: Basic | D18: 999 | E18: 45330 | F18: Active | H18: 45320 | I18: India | J18: LinkedIn | K18: 21-100
A19: SUB8467 | B19: CUS4019 | C19: Free | D19: 0 | E19: 45334 | F19: Active | H19: 45320 | I19: India | J19: LinkedIn | K19: 21-100
A20: SUB8521 | B20: CUS4019 | C20: Basic | D20: 999 | E20: 45349 | F20: Active | H20: 45320 | I20: India | J20: LinkedIn | K20: 21-100
A21: SUB8066 | B21: CUS4005 | C21: Enterprise | D21: 9999 | E21: 45430 | F21: Active | H21: 45426 | I21: India | J21: LinkedIn | K21: 1-5
A22: SUB8006 | B22: CUS4752 | C22: Free | D22: 0 | E22: 45418 | F22: Active | H22: 45410 | I22: Canada | J22: Content | K22: 1-5
A23: SUB8619 | B23: CUS4752 | C23: Free | D23: 0 | E23: 45437 | F23: Active | H23: 45410 | I23: Canada | J23: Content | K23: 1-5
A24: SUB8293 | B24: CUS4006 | C24: Enterprise | D24: 9999 | E24: 45325 | F24: Canceled | G24: 45441 | H24: 45325 | I24: India | J24: Referral | K24: 1-5
A25: SUB8007 | B25: CUS4103 | C25: Basic | D25: 999 | E25: 45486 | F25: Active | H25: 45471 | I25: India | J25: Direct | K25: 1-5
A26: SUB8034 | B26: CUS4103 | C26: Basic | D26: 999 | E26: 45471 | F26: Canceled | G26: 45565 | H26: 45471 | I26: India | J26: Direct | K26: 1-5
A27: SUB8710 | B27: CUS4103 | C27: Basic | D27: 999 | E27: 45501 | F27: Active | H27: 45471 | I27: India | J27: Direct | K27: 1-5
A28: SUB8724 | B28: CUS4103 | C28: Basic | D28: 999 | E28: 45472 | F28: Active | H28: 45471 | I28: India | J28: Direct | K28: 1-5
A29: SUB8781 | B29: CUS4007 | C29: Pro | D29: 2499 | E29: 45531 | F29: Active | H29: 45507 | I29: Germany | J29: Google Ads | K29: 1-5
A30: SUB8008 | B30: CUS4044 | C30: Basic | D30: 999 | E30: 45393 | F30: Active | H30: 45390 | I30: Canada | J30: LinkedIn | K30: 1-5
A31: SUB8009 | B31: CUS4546 | C31: Basic | D31: 999 | E31: 45387 | F31: Canceled | G31: 45565 | H31: 45383 | I31: Canada | J31: Referral | K31: 1-5
A32: SUB8083 | B32: CUS4546 | C32: Basic | D32: 999 | E32: 45385 | F32: Canceled | G32: 45475 | H32: 45383 | I32: Canada | J32: Referral | K32: 1-5
A33: SUB8174 | B33: CUS4009 | C33: Basic | D33: 999 | E33: 45384 | F33: Active | H33: 45354 | I33: India | J33: Content | K33: 6-20
A34: SUB8731 | B34: CUS4009 | C34: Basic | D34: 999 | E34: 45381 | F34: Canceled | G34: 45565 | H34: 45354 | I34: India | J34: Content | K34: 6-20
A35: SUB8771 | B35: CUS4009 | C35: Free | D35: 0 | E35: 45361 | F35: Active | H35: 45354 | I35: India | J35: Content | K35: 6-20
A36: SUB8010 | B36: CUS4200 | C36: Pro | D36: 2499 | E36: 45399 | F36: Active | H36: 45379 | I36: India | J36: Content | K36: 6-20
A37: SUB8064 | B37: CUS4200 | C37: Basic | D37: 999 | E37: 45385 | F37: Active | H37: 45379 | I37: India | J37: Content | K37: 6-20
A38: SUB8158 | B38: CUS4200 | C38: Pro | D38: 2499 | E38: 45385 | F38: Active | H38: 45379 | I38: India | J38: Content | K38: 6-20
A39: SUB8411 | B39: CUS4010 | C39: Pro | D39: 2499 | E39: 45342 | F39: Active | H39: 45340 | I39: India | J39: Direct | K39: 21-100
A40: SUB8011 | B40: CUS4023 | C40: Free | D40: 0 | E40: 45464 | F40: Canceled | G40: 45524 | H40: 45450 | I40: Canada | J40: Google Ads | K40: 21-100
A41: SUB8117 | B41: CUS4011 | C41: Basic | D41: 999 | E41: 45471 | F41: Canceled | G41: 45565 | H41: 45443 | I41: Canada | J41: Google Ads | K41: 6-20
A42: SUB8457 | B42: CUS4011 | C42: Enterprise | D42: 9999 | E42: 45451 | F42: Active | H42: 45443 | I42: Canada | J42: Google Ads | K42: 6-20
A43: SUB8012 | B43: CUS4055 | C43: Basic | D43: 999 | E43: 45499 | F43: Canceled | G43: 45555 | H43: 45483 | I43: US | J43: Referral | K43: 1-5
A44: SUB8508 | B44: CUS4055 | C44: Free | D44: 0 | E44: 45494 | F44: Active | H44: 45483 | I44: US | J44: Referral | K44: 1-5
A45: SUB8013 | B45: CUS4780 | C45: Free | D45: 0 | E45: 45401 | F45: Canceled | G45: 45483 | H45: 45385 | I45: India | J45: Google Ads | K45: 6-20
A46: SUB8389 | B46: CUS4780 | C46: Basic | D46: 999 | E46: 45396 | F46: Canceled | G46: 45565 | H46: 45385 | I46: India | J46: Google Ads | K46: 6-20
A47: SUB8014 | B47: CUS4294 | C47: Free | D47: 0 | E47: 45490 | F47: Active | H47: 45482 | I47: India | J47: Google Ads | K47: 1-5
A48: SUB8275 | B48: CUS4014 | C48: Pro | D48: 2499 | E48: 45485 | F48: Active | H48: 45468 | I48: US | J48: Content | K48: 1-5
A49: SUB8015 | B49: CUS4309 | C49: Basic | D49: 999 | E49: 45415 | F49: Active | H49: 45415 | I49: UK | J49: LinkedIn | K49: 1-5
A50: SUB8123 | B50: CUS4309 | C50: Basic | D50: 999 | E50: 45434 | F50: Active | H50: 45415 | I50: UK | J50: LinkedIn | K50: 1-5
A51: SUB8580 | B51: CUS4309 | C51: Basic | D51: 999 | E51: 45436 | F51: Active | H51: 45415 | I51: UK | J51: LinkedIn | K51: 1-5
A52: SUB8016 | B52: CUS4126 | C52: Pro | D52: 2499 | E52: 45422 | F52: Active | H52: 45420 | I52: UK | J52: Google Ads | K52: 6-20
A53: SUB8017 | B53: CUS4284 | C53: Basic | D53: 999 | E53: 45496 | F53: Active | H53: 45492 | I53: UK | J53: Content | K53: 1-5
A54: SUB8730 | B54: CUS4284 | C54: Pro | D54: 2499 | E54: 45499 | F54: Active | H54: 45492 | I54: UK | J54: Content | K54: 1-5
A55: SUB8018 | B55: CUS4234 | C55: Free | D55: 0 | E55: 45367 | F55: Canceled | G55: 45439 | H55: 45341 | I55: Germany | J55: Content | K55: 6-20
A56: SUB8402 | B56: CUS4018 | C56: Free | D56: 0 | E56: 45355 | F56: Active | H56: 45326 | I56: India | J56: Content | K56: 21-100
A57: SUB8490 | B57: CUS4018 | C57: Pro | D57: 2499 | E57: 45345 | F57: Active | H57: 45326 | I57: India | J57: Content | K57: 21-100
A58: SUB8019 | B58: CUS4350 | C58: Basic | D58: 999 | E58: 45419 | F58: Active | H58: 45392 | I58: India | J58: Content | K58: 1-5
A59: SUB8223 | B59: CUS4350 | C59: Basic | D59: 999 | E59: 45406 | F59: Canceled | G59: 45565 | H59: 45392 | I59: India | J59: Content | K59: 1-5
A60: SUB8020 | B60: CUS4619 | C60: Pro | D60: 2499 | E60: 45464 | F60: Active | H60: 45438 | I60: India | J60: Referral | K60: 1-5
A61: SUB8616 | B61: CUS4020 | C61: Free | D61: 0 | E61: 45470 | F61: Active | H61: 45453 | I61: India | J61: Content | K61: 6-20
A62: SUB8021 | B62: CUS4451 | C62: Free | D62: 0 | E62: 45324 | F62: Canceled | G62: 45398 | H62: 45301 | I62: India | J62: Referral | K62: 21-100
A63: SUB8022 | B63: CUS4694 | C63: Pro | D63: 2499 | E63: 45421 | F63: Canceled | G63: 45485 | H63: 45410 | I63: India | J63: Content | K63: 1-5
A64: SUB8221 | B64: CUS4022 | C64: Pro | D64: 2499 | E64: 45477 | F64: Canceled | G64: 45565 | H64: 45476 | I64: Germany | J64: LinkedIn | K64: 6-20
A65: SUB8023 | B65: CUS4067 | C65: Free | D65: 0 | E65: 45441 | F65: Active | H65: 45413 | I65: UK | J65: Content | K65: 1-5
A66: SUB8024 | B66: CUS4653 | C66: Pro | D66: 2499 | E66: 45457 | F66: Active | H66: 45435 | I66: US | J66: Google Ads | K66: 1-5
A67: SUB8329 | B67: CUS4653 | C67: Free | D67: 0 | E67: 45465 | F67: Active | H67: 45435 | I67: US | J67: Google Ads | K67: 1-5
A68: SUB8252 | B68: CUS4024 | C68: Free | D68: 0 | E68: 45457 | F68: Active | H68: 45450 | I68: India | J68: LinkedIn | K68: 1-5
A69: SUB8025 | B69: CUS4159 | C69: Basic | D69: 999 | E69: 45435 | F69: Active | H69: 45422 | I69: Canada | J69: Google Ads | K69: 6-20
A70: SUB8026 | B70: CUS4617 | C70: Basic | D70: 999 | E70: 45517 | F70: Canceled | G70: 45565 | H70: 45489 | I70: Germany | J70: Referral | K70: 21-100
A71: SUB8032 | B71: CUS4617 | C71: Pro | D71: 2499 | E71: 45517 | F71: Active | H71: 45489 | I71: Germany | J71: Referral | K71: 21-100
A72: SUB8517 | B72: CUS4617 | C72: Basic | D72: 999 | E72: 45516 | F72: Active | H72: 45489 | I72: Germany | J72: Referral | K72: 21-100
A73: SUB8027 | B73: CUS4114 | C73: Basic | D73: 999 | E73: 45386 | F73: Active | H73: 45370 | I73: US | J73: LinkedIn | K73: 6-20
A74: SUB8202 | B74: CUS4114 | C74: Basic | D74: 999 | E74: 45381 | F74: Active | H74: 45370 | I74: US | J74: LinkedIn | K74: 6-20
A75: SUB8456 | B75: CUS4114 | C75: Free | D75: 0 | E75: 45371 | F75: Active | H75: 45370 | I75: US | J75: LinkedIn | K75: 6-20
A76: SUB8101 | B76: CUS4027 | C76: Basic | D76: 999 | E76: 45311 | F76: Active | H76: 45302 | I76: US | J76: Referral | K76: 21-100
A77: SUB8546 | B77: CUS4027 | C77: Pro | D77: 2499 | E77: 45325 | F77: Active | H77: 45302 | I77: US | J77: Referral | K77: 21-100
A78: SUB8028 | B78: CUS4077 | C78: Free | D78: 0 | E78: 45334 | F78: Active | H78: 45320 | I78: Germany | J78: Referral | K78: 1-5
A79: SUB8054 | B79: CUS4077 | C79: Free | D79: 0 | E79: 45342 | F79: Active | H79: 45320 | I79: Germany | J79: Referral | K79: 1-5
A80: SUB8559 | B80: CUS4077 | C80: Basic | D80: 999 | E80: 45346 | F80: Canceled | G80: 45495 | H80: 45320 | I80: Germany | J80: Referral | K80: 1-5
A81: SUB8039 | B81: CUS4028 | C81: Free | D81: 0 | E81: 45452 | F81: Active | H81: 45449 | I81: US | J81: Direct | K81: 1-5
A82: SUB8172 | B82: CUS4028 | C82: Free | D82: 0 | E82: 45467 | F82: Active | H82: 45449 | I82: US | J82: Direct | K82: 1-5
A83: SUB8336 | B83: CUS4028 | C83: Free | D83: 0 | E83: 45465 | F83: Canceled | G83: 45504 | H83: 45449 | I83: US | J83: Direct | K83: 1-5
A84: SUB8514 | B84: CUS4028 | C84: Basic | D84: 999 | E84: 45476 | F84: Active | H84: 45449 | I84: US | J84: Direct | K84: 1-5
A85: SUB8029 | B85: CUS4201 | C85: Pro | D85: 2499 | E85: 45439 | F85: Canceled | G85: 45565 | H85: 45409 | I85: India | J85: Google Ads | K85: 1-5
A86: SUB8183 | B86: CUS4029 | C86: Free | D86: 0 | E86: 45450 | F86: Active | H86: 45437 | I86: Canada | J86: Google Ads | K86: 6-20
A87: SUB8436 | B87: CUS4029 | C87: Free | D87: 0 | E87: 45441 | F87: Active | H87: 45437 | I87: Canada | J87: Google Ads | K87: 6-20
A88: SUB8030 | B88: CUS4352 | C88: Free | D88: 0 | E88: 45302 | F88: Active | H88: 45300 | I88: Germany | J88: Content | K88: 1-5
A89: SUB8485 | B89: CUS4352 | C89: Free | D89: 0 | E89: 45314 | F89: Active | H89: 45300 | I89: Germany | J89: Content | K89: 1-5
A90: SUB8282 | B90: CUS4030 | C90: Free | D90: 0 | E90: 45370 | F90: Active | H90: 45362 | I90: US | J90: LinkedIn | K90: 1-5
A91: SUB8031 | B91: CUS4375 | C91: Basic | D91: 999 | E91: 45537 | F91: Canceled | G91: 45565 | H91: 45508 | I91: UK | J91: Google Ads | K91: 1-5
A92: SUB8398 | B92: CUS4375 | C92: Basic | D92: 999 | E92: 45527 | F92: Active | H92: 45508 | I92: UK | J92: Google Ads | K92: 1-5
A93: SUB8410 | B93: CUS4375 | C93: Free | D93: 0 | E93: 45537 | F93: Active | H93: 45508 | I93: UK | J93: Google Ads | K93: 1-5
A94: SUB8448 | B94: CUS4375 | C94: Basic | D94: 999 | E94: 45538 | F94: Active | H94: 45508 | I94: UK | J94: Google Ads | K94: 1-5
A95: SUB8701 | B95: CUS4375 | C95: Basic | D95: 999 | E95: 45532 | F95: Active | H95: 45508 | I95: UK | J95: Google Ads | K95: 1-5
A96: SUB8077 | B96: CUS4031 | C96: Basic | D96: 999 | E96: 45389 | F96: Active | H96: 45388 | I96: Germany | J96: LinkedIn | K96: 6-20
A97: SUB8283 | B97: CUS4032 | C97: Basic | D97: 999 | E97: 45364 | F97: Active | H97: 45341 | I97: Germany | J97: LinkedIn | K97: 6-20
A98: SUB8353 | B98: CUS4032 | C98: Pro | D98: 2499 | E98: 45362 | F98: Active | H98: 45341 | I98: Germany | J98: LinkedIn | K98: 6-20
A99: SUB8033 | B99: CUS4398 | C99: Free | D99: 0 | E99: 45441 | F99: Active | H99: 45432 | I99: US | J99: Direct | K99: 1-5
A100: SUB8552 | B100: CUS4033 | C100: Basic | D100: 999 | E100: 45404 | F100: Active | H100: 45399 | I100: US | J100: Google Ads | K100: 6-20
...

Sheet Subscription+Charges
A1: charge_id | B1: subscription_id | C1: customer_id | D1: charge_date | E1: amount | F1: status | G1: payment_method | H1: Plan Type | I1: Monthly Price | J1: Subcription Start | K1: Subscription Status | L1: Churn Date | M1: Signup Date | N1: Country | O1: Acquisition Source | P1: Company Size
A2: CHG95000 | B2: SUB8003 | C2: CUS4626 | D2: 45505 | E2: 999 | F2: Paid | G2: Card | H2: Basic | I2: 999 | J2: 45515 | K2: Active | M2: 45515 | N2: India | O2: Content | P2: 6-20
A3: CHG95001 | B3: SUB8003 | C3: CUS4626 | D3: 45536 | E3: 999 | F3: Paid | G3: Card | H3: Basic | I3: 999 | J3: 45515 | K3: Active | M3: 45515 | N3: India | O3: Content | P3: 6-20
A4: CHG95150 | B4: SUB8052 | C4: CUS4797 | D4: 45386 | E4: 999 | F4: Paid | G4: Card | H4: Basic | I4: 999 | J4: 45411 | K4: Active | M4: 45390 | N4: India | O4: Google Ads | P4: 1-5
A5: CHG95151 | B5: SUB8052 | C5: CUS4797 | D5: 45415 | E5: 999 | F5: Paid | G5: Card | H5: Basic | I5: 999 | J5: 45411 | K5: Active | M5: 45390 | N5: India | O5: Google Ads | P5: 1-5
A6: CHG95152 | B6: SUB8052 | C6: CUS4797 | D6: 45447 | E6: 999 | F6: Paid | G6: Card | H6: Basic | I6: 999 | J6: 45411 | K6: Active | M6: 45390 | N6: India | O6: Google Ads | P6: 1-5
A7: CHG95153 | B7: SUB8052 | C7: CUS4797 | D7: 45475 | E7: 999 | F7: Paid | G7: Card | H7: Basic | I7: 999 | J7: 45411 | K7: Active | M7: 45390 | N7: India | O7: Google Ads | P7: 1-5
A8: CHG95154 | B8: SUB8052 | C8: CUS4797 | D8: 45507 | E8: 999 | F8: Paid | G8: UPI | H8: Basic | I8: 999 | J8: 45411 | K8: Active | M8: 45390 | N8: India | O8: Google Ads | P8: 1-5
A9: CHG95155 | B9: SUB8052 | C9: CUS4797 | D9: 45539 | E9: 999 | F9: Paid | G9: Card | H9: Basic | I9: 999 | J9: 45411 | K9: Active | M9: 45390 | N9: India | O9: Google Ads | P9: 1-5
A10: CHG95002 | B10: SUB8004 | C10: CUS4128 | D10: 45507 | E10: 2499 | F10: Paid | G10: Card | H10: Pro | I10: 2499 | J10: 45533 | K10: Active | M10: 45531 | N10: India | O10: LinkedIn | P10: 1-5
A11: CHG95003 | B11: SUB8004 | C11: CUS4128 | D11: 45539 | E11: 2499 | F11: Paid | G11: Card | H11: Pro | I11: 2499 | J11: 45533 | K11: Active | M11: 45531 | N11: India | O11: LinkedIn | P11: 1-5
A12: CHG95004 | B12: SUB8005 | C12: CUS4019 | D12: 45326 | E12: 999 | F12: Paid | G12: Card | H12: Basic | I12: 999 | J12: 45334 | K12: Active | M12: 45320 | N12: India | O12: LinkedIn | P12: 21-100
A13: CHG95005 | B13: SUB8005 | C13: CUS4019 | D13: 45353 | E13: 999 | F13: Paid | G13: Card | H13: Basic | I13: 999 | J13: 45334 | K13: Active | M13: 45320 | N13: India | O13: LinkedIn | P13: 21-100
... A54: CHG95193 | B54: SUB8066 | C54: CUS4005 | D54: 45538 | E54: 9999 | F54: Paid | G54: Card | H54: Enterprise | I54: 9999 | J54: 45430 | K54: Active | M54: 45426 | N54: India | O54: LinkedIn | P54: 1-5
A55: CHG95021 | B55: SUB8009 | C55: CUS4546 | D55: 45383 | E55: 999 | F55: Paid | G55: Card | H55: Basic | I55: 999 | J55: 45387 | K55: Canceled | L55: 45565 | M55: 45383 | N55: Canada | O55: Referral | P55: 1-5
A56: CHG95022 | B56: SUB8009 | C56: CUS4546 | D56: 45415 | E56: 999 | F56: Paid | G56: Card | H56: Basic | I56: 999 | J56: 45387 | K56: Canceled | L56: 45565 | M56: 45383 | N56: Canada | O56: Referral | P56: 1-5
A57: CHG95023 | B57: SUB8009 | C57: CUS4546 | D57: 45445 | E57: 999 | F57: Paid | G57: Card | H57: Basic | I57: 999 | J57: 45387 | K57: Canceled | L57: 45565 | M57: 45383 | N57: Canada | O57: Referral | P57: 1-5
A58: CHG95024 | B58: SUB8009 | C58: CUS4546 | D58: 45474 | E58: 999 | F58: Paid | G58: UPI | H58: Basic | I58: 999 | J58: 45387 | K58: Canceled | L58: 45565 | M58: 45383 | N58: Canada | O58: Referral | P58: 1-5
A59: CHG95025 | B59: SUB8009 | C59: CUS4546 | D59: 45505 | E59: 999 | F59: Paid | G59: Card | H59: Basic | I59: 999 | J59: 45387 | K59: Canceled | L59: 45565 | M59: 45383 | N59: Canada | O59: Referral | P59: 1-5
A60: CHG95026 | B60: SUB8009 | C60: CUS4546 | D60: 45538 | E60: 999 | F60: Paid | G60: PayPal | H60: Basic | I60: 999 | J60: 45387 | K60: Canceled | L60: 45565 | M60: 45383 | N60: Canada | O60: Referral | P60: 1-5
A61: CHG96000 | B61: SUB8293 | C61: CUS4006 | D61: 45323 | E61: 9999 | F61: Paid | G61: PayPal | H61: Enterprise | I61: 9999 | J61: 45325 | K61: Canceled | L61: 45441 | M61: 45325 | N61: India | O61: Referral | P61: 1-5
A62: CHG96001 | B62: SUB8293 | C62: CUS4006 | D62: 45352 | E62: 9999 | F62: Paid | G62: Card | H62: Enterprise | I62: 9999 | J62: 45325 | K62: Canceled | L62: 45441 | M62: 45325 | N62: India | O62: Referral | P62: 1-5
A63: CHG96002 | B63: SUB8293 | C63: CUS4006 | D63: 45385 | E63: 9999 | F63: Paid | G63: Card | H63: Enterprise | I63: 9999 | J63: 45325 | K63: Canceled | L63: 45441 | M63: 45325 | N63: India | O63: Referral | P63: 1-5
A64: CHG96003 | B64: SUB8293 | C64: CUS4006 | D64: 45415 | E64: 9999 | F64: Paid | G64: Card | H64: Enterprise | I64: 9999 | J64: 45325 | K64: Canceled | L64: 45441 | M64: 45325 | N64: India | O64: Referral | P64: 1-5
A65: CHG95086 | B65: SUB8034 | C65: CUS4103 | D65: 45446 | E65: 999 | F65: Paid | G65: Card | H65: Basic | I65: 999 | J65: 45471 | K65: Canceled | L65: 45565 | M65: 45471 | N65: India | O65: Direct | P65: 1-5
A66: CHG95087 | B66: SUB8034 | C66: CUS4103 | D66: 45474 | E66: 999 | F66: Paid | G66: Card | H66: Basic | I66: 999 | J66: 45471 | K66: Canceled | L66: 45565 | M66: 45471 | N66: India | O66: Direct | P66: 1-5
... A68: CHG95089 | B68: SUB8034 | C68: CUS4103 | D68: 45539 | E68: 999 | F68: Paid | G68: UPI | H68: Basic | I68: 999 | J68: 45471 | K68: Canceled | L68: 45565 | M68: 45471 | N68: India | O68: Direct | P68: 1-5
A69: CHG95027 | B69: SUB8010 | C69: CUS4200 | D69: 45385 | E69: 2499 | F69: Paid | G69: Card | H69: Pro | I69: 2499 | J69: 45399 | K69: Active | M69: 45379 | N69: India | O69: Content | P69: 6-20
A70: CHG95028 | B70: SUB8010 | C70: CUS4200 | D70: 45413 | E70: 2499 | F70: Paid | G70: Card | H70: Pro | I70: 2499 | J70: 45399 | K70: Active | M70: 45379 | N70: India | O70: Content | P70: 6-20
A71: CHG95029 | B71: SUB8010 | C71: CUS4200 | D71: 45445 | E71: 2499 | F71: Paid | G71: Card | H71: Pro | I71: 2499 | J71: 45399 | K71: Active | M71: 45379 | N71: India | O71: Content | P71: 6-20
A72: CHG95030 | B72: SUB8010 | C72: CUS4200 | D72: 45475 | E72: 2499 | F72: Paid | G72: PayPal | H72: Pro | I72: 2499 | J72: 45399 | K72: Active | M72: 45379 | N72: India | O72: Content | P72: 6-20
A73: CHG95031 | B73: SUB8010 | C73: CUS4200 | D73: 45506 | E73: 2499 | F73: Paid | G73: PayPal | H73: Pro | I73: 2499 | J73: 45399 | K73: Active | M73: 45379 | N73: India | O73: Content | P73: 6-20
A74: CHG95032 | B74: SUB8010 | C74: CUS4200 | D74: 45537 | E74: 2499 | F74: Paid | G74: Card | H74: Pro | I74: 2499 | J74: 45399 | K74: Active | M74: 45379 | N74: India | O74: Content | P74: 6-20
A75: CHG95275 | B75: SUB8083 | C75: CUS4546 | D75: 45383 | E75: 999 | F75: Paid | G75: Card | H75: Basic | I75: 999 | J75: 45385 | K75: Canceled | L75: 45475 | M75: 45383 | N75: Canada | O75: Referral | P75: 1-5
A76: CHG95276 | B76: SUB8083 | C76: CUS4546 | D76: 45413 | E76: 999 | F76: Paid | G76: Wire | H76: Basic | I76: 999 | J76: 45385 | K76: Canceled | L76: 45475 | M76: 45383 | N76: Canada | O76: Referral | P76: 1-5
A77: CHG95277 | B77: SUB8083 | C77: CUS4546 | D77: 45445 | E77: 999 | F77: Paid | G77: Card | H77: Basic | I77: 999 | J77: 45385 | K77: Canceled | L77: 45475 | M77: 45383 | N77: Canada | O77: Referral | P77: 1-5
A78: CHG95278 | B78: SUB8083 | C78: CUS4546 | D78: 45475 | E78: 999 | F78: Paid | G78: UPI | H78: Basic | I78: 999 | J78: 45385 | K78: Canceled | L78: 45475 | M78: 45383 | N78: Canada | O78: Referral | P78: 1-5
A79: CHG95607 | B79: SUB8174 | C79: CUS4009 | D79: 45384 | E79: 999 | F79: Paid | G79: Card | H79: Basic | I79: 999 | J79: 45384 | K79: Active | M79: 45354 | N79: India | O79: Content | P79: 6-20
A80: CHG95608 | B80: SUB8174 | C80: CUS4009 | D80: 45414 | E80: 999 | F80: Paid | G80: Card | H80: Basic | I80: 999 | J80: 45384 | K80: Active | M80: 45354 | N80: India | O80: Content | P80: 6-20
A81: CHG95609 | B81: SUB8174 | C81: CUS4009 | D81: 45446 | E81: 999 | F81: Paid | G81: Card | H81: Basic | I81: 999 | J81: 45384 | K81: Active | M81: 45354 | N81: India | O81: Content | P81: 6-20
A82: CHG95610 | B82: SUB8174 | C82: CUS4009 | D82: 45475 | E82: 999 | F82: Paid | G82: Card | H82: Basic | I82: 999 | J82: 45384 | K82: Active | M82: 45354 | N82: India | O82: Content | P82: 6-20
A83: CHG95611 | B83: SUB8174 | C83: CUS4009 | D83: 45507 | E83: 999 | F83: Paid | G83: Card | H83: Basic | I83: 999 | J83: 45384 | K83: Active | M83: 45354 | N83: India | O83: Content | P83: 6-20
A84: CHG95612 | B84: SUB8174 | C84: CUS4009 | D84: 45537 | E84: 999 | F84: Paid | G84: Card | H84: Basic | I84: 999 | J84: 45384 | K84: Active | M84: 45354 | N84: India | O84: Content | P84: 6-20
A85: CHG95033 | B85: SUB8012 | C85: CUS4055 | D85: 45475 | E85: 999 | F85: Paid | G85: PayPal | H85: Basic | I85: 999 | J85: 45499 | K85: Canceled | L85: 45555 | M85: 45483 | N85: US | O85: Referral | P85: 1-5
A86: CHG95034 | B86: SUB8012 | C86: CUS4055 | D86: 45505 | E86: 999 | F86: Paid | G86: Card | H86: Basic | I86: 999 | J86: 45499 | K86: Canceled | L86: 45555 | M86: 45483 | N86: US | O86: Referral | P86: 1-5
A87: CHG95035 | B87: SUB8012 | C87: CUS4055 | D87: 45538 | E87: 999 | F87: Paid | G87: Card | H87: Basic | I87: 999 | J87: 45499 | K87: Canceled | L87: 45555 | M87: 45483 | N87: US | O87: Referral | P87: 1-5
A88: CHG95183 | B88: SUB8064 | C88: CUS4200 | D88: 45383 | E88: 999 | F88: Paid | G88: UPI | H88: Basic | I88: 999 | J88: 45385 | K88: Active | M88: 45379 | N88: India | O88: Content | P88: 6-20
A89: CHG95184 | B89: SUB8064 | C89: CUS4200 | D89: 45414 | E89: 999 | F89: Paid | G89: Card | H89: Basic | I89: 999 | J89: 45385 | K89: Active | M89: 45379 | N89: India | O89: Content | P89: 6-20
A90: CHG95185 | B90: SUB8064 | C90: CUS4200 | D90: 45447 | E90: 999 | F90: Paid | G90: Card | H90: Basic | I90: 999 | J90: 45385 | K90: Active | M90: 45379 | N90: India | O90: Content | P90: 6-20
A91: CHG95186 | B91: SUB8064 | C91: CUS4200 | D91: 45474 | E91: 999 | F91: Paid | G91: Card | H91: Basic | I91: 999 | J91: 45385 | K91: Active | M91: 45379 | N91: India | O91: Content | P91: 6-20
A92: CHG95187 | B92: SUB8064 | C92: CUS4200 | D92: 45506 | E92: 999 | F92: Paid | G92: UPI | H92: Basic | I92: 999 | J92: 45385 | K92: Active | M92: 45379 | N92: India | O92: Content | P92: 6-20
A93: CHG95188 | B93: SUB8064 | C93: CUS4200 | D93: 45539 | E93: 999 | F93: Paid | G93: Card | H93: Basic | I93: 999 | J93: 45385 | K93: Active | M93: 45379 | N93: India | O93: Content | P93: 6-20
A94: CHG95036 | B94: SUB8015 | C94: CUS4309 | D94: 45414 | E94: 999 | F94: Paid | G94: UPI | H94: Basic | I94: 999 | J94: 45415 | K94: Active | M94: 45415 | N94: UK | O94: LinkedIn | P94: 1-5
A95: CHG95037 | B95: SUB8015 | C95: CUS4309 | D95: 45444 | E95: 999 | F95: Paid | G95: Card | H95: Basic | I95: 999 | J95: 45415 | K95: Active | M95: 45415 | N95: UK | O95: LinkedIn | P95: 1-5
A96: CHG95038 | B96: SUB8015 | C96: CUS4309 | D96: 45476 | E96: 999 | F96: Paid | G96: UPI | H96: Basic | I96: 999 | J96: 45415 | K96: Active | M96: 45415 | N96: UK | O96: LinkedIn | P96: 1-5
A97: CHG95039 | B97: SUB8015 | C97: CUS4309 | D97: 45505 | E97: 999 | F97: Paid | G97: Card | H97: Basic | I97: 999 | J97: 45415 | K97: Active | M97: 45415 | N97: UK | O97: LinkedIn | P97: 1-5
A98: CHG95040 | B98: SUB8015 | C98: CUS4309 | D98: 45538 | E98: 999 | F98: Paid | G98: UPI | H98: Basic | I98: 999 | J98: 45415 | K98: Active | M98: 45415 | N98: UK | O98: LinkedIn | P98: 1-5
A99: CHG95546 | B99: SUB8158 | C99: CUS4200 | D99: 45385 | E99: 2499 | F99: Paid | G99: Card | H99: Pro | I99: 2499 | J99: 45385 | K99: Active | M99: 45379 | N99: India | O99: Content | P99: 6-20
... A104: CHG95551 | B104: SUB8158 | C104: CUS4200 | D104: 45539 | E104: 2499 | F104: Paid | G104: Card | H104: Pro | I104: 2499 | J104: 45385 | K104: Active | M104: 45379 | N104: India | O104: Content | P104: 6-20
A105: CHG95407 | B105: SUB8117 | C105: CUS4011 | D105: 45445 | E105: 999 | F105: Paid | G105: Card | H105: Basic | I105: 999 | J105: 45471 | K105: Canceled | L105: 45565 | M105: 45443 | N105: Canada | O105: Google Ads | P105: 6-20
A106: CHG95408 | B106: SUB8117 | C106: CUS4011 | D106: 45475 | E106: 999 | F106: Paid | G106: Card | H106: Basic | I106: 999 | J106: 45471 | K106: Canceled | L106: 45565 | M106: 45443 | N106: Canada | O106: Google Ads | P106: 6-20
A107: CHG95409 | B107: SUB8117 | C107: CUS4011 | D107: 45508 | E107: 999 | F107: Paid | G107: Card | H107: Basic | I107: 999 | J107: 45471 | K107: Canceled | L107: 45565 | M107: 45443 | N107: Canada | O107: Google Ads | P107: 6-20
A108: CHG95410 | B108: SUB8117 | C108: CUS4011 | D108: 45538 | E108: 999 | F108: Paid | G108: Card | H108: Basic | I108: 999 | J108: 45471 | K108: Canceled | L108: 45565 | M108: 45443 | N108: Canada | O108: Google Ads | P108: 6-20
A109: CHG95041 | B109: SUB8016 | C109: CUS4126 | D109: 45414 | E109: 2499 | F109: Paid | G109: Card | H109: Pro | I109: 2499 | J109: 45422 | K109: Active | M109: 45420 | N109: UK | O109: Google Ads | P109: 6-20
A110: CHG95042 | B110: SUB8016 | C110: CUS4126 | D110: 45447 | E110: 0 | F110: Failed | G110: Card | H110: Pro | I110: 2499 | J110: 45422 | K110: Active | M110: 45420 | N110: UK | O110: Google Ads | P110: 6-20
A111: CHG95043 | B111: SUB8016 | C111: CUS4126 | D111: 45474 | E111: 2499 | F111: Paid | G111: Card | H111: Pro | I111: 2499 | J111: 45422 | K111: Active | M111: 45420 | N111: UK | O111: Google Ads | P111: 6-20
A112: CHG95044 | B112: SUB8016 | C112: CUS4126 | D112: 45507 | E112: 2499 | F112: Paid | G112: Card | H112: Pro | I112: 2499 | J112: 45422 | K112: Active | M112: 45420 | N112: UK | O112: Google Ads | P112: 6-20
A113: CHG95045 | B113: SUB8016 | C113: CUS4126 | D113: 45539 | E113: 2499 | F113: Paid | G113: UPI | H113: Pro | I113: 2499 | J113: 45422 | K113: Active | M113: 45420 | N113: UK | O113: Google Ads | P113: 6-20
A114: CHG95046 | B114: SUB8017 | C114: CUS4284 | D114: 45474 | E114: 999 | F114: Paid | G114: PayPal | H114: Basic | I114: 999 | J114: 45496 | K114: Active | M114: 45492 | N114: UK | O114: Content | P114: 1-5
A115: CHG95047 | B115: SUB8017 | C115: CUS4284 | D115: 45505 | E115: 999 | F115: Paid | G115: Card | H115: Basic | I115: 999 | J115: 45496 | K115: Active | M115: 45492 | N115: UK | O115: Content | P115: 1-5
A116: CHG95048 | B116: SUB8017 | C116: CUS4284 | D116: 45538 | E116: 999 | F116: Paid | G116: UPI | H116: Basic | I116: 999 | J116: 45496 | K116: Active | M116: 45492 | N116: UK | O116: Content | P116: 1-5
A117: CHG95950 | B117: SUB8275 | C117: CUS4014 | D117: 45476 | E117: 2499 | F117: Paid | G117: Card | H117: Pro | I117: 2499 | J117: 45485 | K117: Active | M117: 45468 | N117: US | O117: Content | P117: 1-5
A118: CHG95951 | B118: SUB8275 | C118: CUS4014 | D118: 45505 | E118: 2499 | F118: Paid | G118: UPI | H118: Pro | I118: 2499 | J118: 45485 | K118: Active | M118: 45468 | N118: US | O118: Content | P118: 1-5
A119: CHG95952 | B119: SUB8275 | C119: CUS4014 | D119: 45538 | E119: 2499 | F119: Paid | G119: Card | H119: Pro | I119: 2499 | J119: 45485 | K119: Active | M119: 45468 | N119: US | O119: Content | P119: 1-5
A120: CHG95436 | B120: SUB8123 | C120: CUS4309 | D120: 45416 | E120: 999 | F120: Paid | G120: Card | H120: Basic | I120: 999 | J120: 45434 | K120: Active | M120: 45415 | N120: UK | O120: LinkedIn | P120: 1-5
... A133: CHG95057 | B133: SUB8020 | C133: CUS4619 | D133: 45536 | E133: 2499 | F133: Paid | G133: Card | H133: Pro | I133: 2499 | J133: 45464 | K133: Active | M133: 45438 | N133: India | O133: Referral | P133: 1-5
A134: CHG95774 | B134: SUB8223 | C134: CUS4350 | D134: 45386 | E134: 999 | F134: Paid | G134: UPI | H134: Basic | I134: 999 | J134: 45406 | K134: Canceled | L134: 45565 | M134: 45392 | N134: India | O134: Content | P134: 1-5
A135: CHG95775 | B135: SUB8223 | C135: CUS4350 | D135: 45416 | E135: 999 | F135: Paid | G135: UPI | H135: Basic | I135: 999 | J135: 45406 | K135: Canceled | L135: 45565 | M135: 45392 | N135: India | O135: Content | P135: 1-5
A136: CHG95776 | B136: SUB8223 | C136: CUS4350 | D136: 45446 | E136: 999 | F136: Paid | G136: Card | H136: Basic | I136: 999 | J136: 45406 | K136: Canceled | L136: 45565 | M136: 45392 | N136: India | O136: Content | P136: 1-5
A137: CHG95777 | B137: SUB8223 | C137: CUS4350 | D137: 45477 | E137: 999 | F137: Paid | G137: UPI | H137: Basic | I137: 999 | J137: 45406 | K137: Canceled | L137: 45565 | M137: 45392 | N137: India | O137: Content | P137: 1-5
A138: CHG95778 | B138: SUB8223 | C138: CUS4350 | D138: 45507 | E138: 999 | F138: Paid | G138: Wire | H138: Basic | I138: 999 | J138: 45406 | K138: Canceled | L138: 45565 | M138: 45392 | N138: India | O138: Content | P138: 1-5
A139: CHG95779 | B139: SUB8223 | C139: CUS4350 | D139: 45537 | E139: 999 | F139: Paid | G139: Card | H139: Basic | I139: 999 | J139: 45406 | K139: Canceled | L139: 45565 | M139: 45392 | N139: India | O139: Content | P139: 1-5
A140: CHG95058 | B140: SUB8022 | C140: CUS4694 | D140: 45416 | E140: 2499 | F140: Paid | G140: Card | H140: Pro | I140: 2499 | J140: 45421 | K140: Canceled | L140: 45485 | M140: 45410 | N140: India | O140: Content | P140: 1-5
A141: CHG95059 | B141: SUB8022 | C141: CUS4694 | D141: 45446 | E141: 2499 | F141: Paid | G141: Card | H141: Pro | I141: 2499 | J141: 45421 | K141: Canceled | L141: 45485 | M141: 45410 | N141: India | O141: Content | P141: 1-5
A142: CHG95060 | B142: SUB8022 | C142: CUS4694 | D142: 45476 | E142: 2499 | F142: Paid | G142: PayPal | H142: Pro | I142: 2499 | J142: 45421 | K142: Canceled | L142: 45485 | M142: 45410 | N142: India | O142: Content | P142: 1-5
A143: CHG95061 | B143: SUB8024 | C143: CUS4653 | D143: 45445 | E143: 2499 | F143: Paid | G143: Card | H143: Pro | I143: 2499 | J143: 45457 | K143: Active | M143: 45435 | N143: US | O143: Google Ads | P143: 1-5
A144: CHG95062 | B144: SUB8024 | C144: CUS4653 | D144: 45477 | E144: 2499 | F144: Paid | G144: Card | H144: Pro | I144: 2499 | J144: 45457 | K144: Active | M144: 45435 | N144: US | O144: Google Ads | P144: 1-5
A145: CHG95063 | B145: SUB8024 | C145: CUS4653 | D145: 45506 | E145: 2499 | F145: Paid | G145: Card | H145: Pro | I145: 2499 | J145: 45457 | K145: Active | M145: 45435 | N145: US | O145: Google Ads | P145: 1-5
A146: CHG95064 | B146: SUB8024 | C146: CUS4653 | D146: 45539 | E146: 2499 | F146: Paid | G146: Card | H146: Pro | I146: 2499 | J146: 45457 | K146: Active | M146: 45435 | N146: US | O146: Google Ads | P146: 1-5
A147: CHG95765 | B147: SUB8221 | C147: CUS4022 | D147: 45475 | E147: 2499 | F147: Paid | G147: Card | H147: Pro | I147: 2499 | J147: 45477 | K147: Canceled | L147: 45565 | M147: 45476 | N147: Germany | O147: LinkedIn | P147: 6-20
A148: CHG95766 | B148: SUB8221 | C148: CUS4022 | D148: 45506 | E148: 2499 | F148: Paid | G148: Card | H148: Pro | I148: 2499 | J148: 45477 | K148: Canceled | L148: 45565 | M148: 45476 | N148: Germany | O148: LinkedIn | P148: 6-20
A149: CHG95767 | B149: SUB8221 | C149: CUS4022 | D149: 45536 | E149: 2499 | F149: Paid | G149: UPI | H149: Pro | I149: 2499 | J149: 45477 | K149: Canceled | L149: 45565 | M149: 45476 | N149: Germany | O149: LinkedIn | P149: 6-20
A150: CHG95065 | B150: SUB8025 | C150: CUS4159 | D150: 45416 | E150: 999 | F150: Paid | G150: Card | H150: Basic | I150: 999 | J150: 45435 | K150: Active | M150: 45422 | N150: Canada | O150: Google Ads | P150: 6-20
A151: CHG95066 | B151: SUB8025 | C151: CUS4159 | D151: 45446 | E151: 999 | F151: Paid | G151: Card | H151: Basic | I151: 999 | J151: 45435 | K151: Active | M151: 45422 | N151: Canada | O151: Google Ads | P151: 6-20
A152: CHG95067 | B152: SUB8025 | C152: CUS4159 | D152: 45476 | E152: 999 | F152: Paid | G152: Card | H152: Basic | I152: 999 | J152: 45435 | K152: Active | M152: 45422 | N152: Canada | O152: Google Ads | P152: 6-20
A153: CHG95068 | B153: SUB8025 | C153: CUS4159 | D153: 45505 | E153: 999 | F153: Paid | G153: Wire | H153: Basic | I153: 999 | J153: 45435 | K153: Active | M153: 45422 | N153: Canada | O153: Google Ads | P153: 6-20
A154: CHG95069 | B154: SUB8025 | C154: CUS4159 | D154: 45537 | E154: 999 | F154: Paid | G154: Card | H154: Basic | I154: 999 | J154: 45435 | K154: Active | M154: 45422 | N154: Canada | O154: Google Ads | P154: 6-20
A155: CHG95070 | B155: SUB8026 | C155: CUS4617 | D155: 45505 | E155: 999 | F155: Paid | G155: Card | H155: Basic | I155: 999 | J155: 45517 | K155: Canceled | L155: 45565 | M155: 45489 | N155: Germany | O155: Referral | P155: 21-100
A156: CHG95071 | B156: SUB8026 | C156: CUS4617 | D156: 45536 | E156: 999 | F156: Paid | G156: Card | H156: Basic | I156: 999 | J156: 45517 | K156: Canceled | L156: 45565 | M156: 45489 | N156: Germany | O156: Referral | P156: 21-100
A157: CHG95084 | B157: SUB8032 | C157: CUS4617 | D157: 45507 | E157: 2499 | F157: Paid | G157: Card | H157: Pro | I157: 2499 | J157: 45517 | K157: Active | M157: 45489 | N157: Germany | O157: Referral | P157: 21-100
...

Sheet Calendar
A1: Month | B1: Start | C1: End
A2: 45292 | B2: 45292 | C2: 45322
A3: 45323 | B3: 45323 | C3: 45351
A4: 45352 | B4: 45717 | C4: 45382
A5: 45383 | B5: 45383 | C5: 45412
A6: 45413 | B6: 45413 | C6: 45443
A7: 45444 | B7: 45444 | C7: 45473
A8: 45474 | B8: 45474 | C8: 45504
A9: 45505 | B9: 45505 | C9: 45535
A10: 45536 | B10: 45536 | C10: 45565
A11: 45566 | B11: 45566 | C11: 45596

Sheet Cal Table
A1: KPI | B1: Jan | C1: Feb | D1: Mar | E1: Apr | F1: May | G1: June | H1: July | I1: August | J1: September
A2: MRR | B2: =SUMIF(Subscription!H1124:H1201,"Yes",Subscription!D1124:D1201) -> 94947 | C2: =SUMIF(Subscription!H1007:H1123,"Yes",Subscription!D1007:D1123) -> 155418 | D2: =SUMIF(Subscription!H840:H1006,"Yes",Subscription!D840:D1006) -> 220386 | E2: =SUMIF(Subscription!H685:H839,"Yes",Subscription!D685:D839) -> 187392 | F2: =SUMIF(Subscription!H525:H684,"Yes",Subscription!D525:D684) -> 284388 | G2: =SUMIF(Subscription!H367:H542,"Yes",Subscription!D367:D542) -> 240387 | H2: =SUMIF(Subscription!H232:H366,"Yes",Subscription!D232:D366) -> 175410 | I2: =SUMIF(Subscription!H64:H231,"Yes",Subscription!D64:D231) -> 269868 | J2: =SUMIF(Subscription!H2:H63,"Yes",Subscription!D2:D63) -> 72969
A3: ARR | B3: =B2*12 -> 1139364 | C3: =C2*12 -> 1865016 | D3: =D2*12 -> 2644632 | E3: =E2*12 -> 2248704 | F3: =F2*12 -> 3412656 | G3: =G2*12 -> 2884644 | H3: =H2*12 -> 2104920 | I3: =I2*12 -> 3238416 | J3: =J2*12 -> 875628
A4: New MRR | B4: =SUMIF(Subscription!I1124:I1201,"Yes",Subscription!D1124:D1201) -> 14994 | C4: =SUMIF(Subscription!I1007:I1123,"Yes",Subscription!D1007:D1123) -> 4998 | D4: =SUMIF(Subscription!I840:I1006,"Yes",Subscription!D840:D1006) -> 6996 | E4: =SUMIF(Subscription!I685:I839,"Yes",Subscription!D685:D839) -> 12492 | F4: =SUMIF(Subscription!I525:I684,"Yes",Subscription!D525:D684) -> 19998 | G4: =SUMIF(Subscription!I367:I542,"Yes",Subscription!D367:D542) -> 20997 | H4: =SUMIF(Subscription!I232:I366,"Yes",Subscription!D232:D366) -> 5997 | I4: =SUMIF(Subscription!I64:I231,"Yes",Subscription!D64:D231) -> 16992 | J4: =SUMIF(Subscription!I2:I63,"Yes",Subscription!D2:D63) -> 0
A5: Churned MRR | B5: =SUMIF(Subscription!J1124:J1201,"Yes",Subscription!D1124:D1201) -> 0 | C5: =SUMIF(Subscription!K1124:K1201,"Yes",Subscription!E1124:E1201) -> 0 | D5: =SUMIF(Subscription!L1124:L1201,"Yes",Subscription!F1124:F1201) -> 0 | E5: =SUMIF(Subscription!M1124:M1201,"Yes",Subscription!G1124:G1201) -> 0 | F5: =SUMIF(Subscription!N1124:N1201,"Yes",Subscription!H1124:H1201) -> 0 | G5: =SUMIF(Subscription!O1124:O1201,"Yes",Subscription!I1124:I1201) -> 0 | H5: =SUMIF(Subscription!P1124:P1201,"Yes",Subscription!J1124:J1201) -> 0 | I5: =SUMIF(Subscription!Q1124:Q1201,"Yes",Subscription!K1124:K1201) -> 0 | J5: =SUMIF(Subscription!J2:J63,"Yes",Subscription!D2:D63) -> 24990
A6: Net New MRR | B6: =B4-0 -> 14994 | C6: =C4-0 -> 4998 | D6: =D4-0 -> 6996 | E6: =E4-0 -> 12492 | F6: =F4-0 -> 19998 | G6: =G4-0 -> 20997 | H6: =H4-0 -> 5997 | I6: =I4-0 -> 16992 | J6: -24990
A7: Active Customer | B7: =COUNTIF(Subscription!N1124:N1201,1) -> 78 | C7: =COUNTIF(Subscription!N1007:N1123,1) -> 117 | D7: =COUNTIF(Subscription!N840:N1006,1) -> 167 | E7: =COUNTIF(Subscription!N685:N839,1) -> 155 | F7: =COUNTIF(Subscription!N525:N684,1) -> 158 | G7: =COUNTIF(Subscription!N367:N524,1) -> 158 | H7: =COUNTIF(Subscription!N232:N366,1) -> 135 | I7: =COUNTIF(Subscription!N64:N231,1) -> 168 | J7: =COUNTIF(Subscription!N2:N63,1) -> 48
A8: Churn Rate | B8: =COUNTIF(Subscription!O1124:O1201,1)/'Cal Table'!B7 -> 0 | C8: =COUNTIF(Subscription!P1124:P1201,1)/'Cal Table'!C7 -> 0 | D8: =COUNTIF(Subscription!Q1124:Q1201,1)/'Cal Table'!D7 -> 0 | E8: =COUNTIF(Subscription!R1124:R1201,1)/'Cal Table'!E7 -> 0 | F8: =COUNTIF(Subscription!S1124:S1201,1)/'Cal Table'!F7 -> 0 | G8: =COUNTIF(Subscription!T1124:T1201,1)/'Cal Table'!G7 -> 0 | H8: =COUNTIF(Subscription!U1124:U1201,1)/'Cal Table'!H7 -> 0 | I8: =COUNTIF(Subscription!V1124:V1201,1)/'Cal Table'!I7 -> 0 | J8: =COUNTIF(Subscription!O2:O63,1)/'Cal Table'!J7 -> 0.29166667
A9: ARPU | B9: =B2/B7 -> 1217.2692 | C9: =C2/C7 -> 1328.359 | D9: =D2/D7 -> 1319.6766 | E9: =E2/E7 -> 1208.9806 | F9: =F2/F7 -> 1799.9241 | G9: =G2/G7 -> 1521.4367 | H9: =H2/H7 -> 1299.3333 | I9: =I2/I7 -> 1606.3571 | J9: =J2/J7 -> 1520.1875
A12: Month | B12: MRR | C12: Active Customer | D12: ARPU | E12: Month NO. | F12: ARR | G12: Churn Rate
A13: Mar | B13: 220386 | C13: 167 | D13: 1319.98 | E13: 3 | F13: 2644632 | G13: 0
A14: Apr | B14: 187392 | C14: 155 | D14: 1208.98 | E14: 4 | F14: 2248704 | G14: 0
A15: May | B15: 284388 | C15: 158 | D15: 1799.92 | E15: 5 | F15: 3412656 | G15: 0
A16: Aug | B16: 269868 | C16: 168 | D16: 1606.36 | E16: 8 | F16: 3238416 | G16: 0
A17: Sep | B17: 72969 | C17: 48 | D17: 1520.19 | E17: 9 | F17: 875628 | G17: 0.29
A18: Feb | B18: 155418 | C18: 117 | D18: 1328.68 | E18: 2 | F18: 1865016 | G18: 0
A19: Jan | B19: 94947 | C19: 78 | D19: 1217.27 | E19: 1 | F19: 113364 | G19: 0
A20: July | B20: 175410 | C20: 135 | D20: 1299.33 | E20: 7 | F20: 2104920 | G20: 0
A21: June | B21: 240387 | C21: 158 | D21: 1521.44 | E21: 6 | F21: 2884644 | G21: 0

Sheet CARD
A1: Row Labels | B1: Sum of MRR
A2: Jan | B2: 94947 | F2: =B2 -> 94947
A3: Feb | B3: 155418
A4: Mar | B4: 220386 | D4: 94947
A5: Apr | B5: 187392
A6: May | B6: 284388
A7: Aug | B7: 269868
A8: Sep | B8: 72969
A9: July | B9: 175410
A10: June | B10: 240387
A11: Grand Total | B11: 1701165
A14: Row Labels | B14: Sum of MRR
A15: Apr | B15: 187392
A16: Aug | B16: 269868
A17: Feb | B17: 155418
A18: Jan | B18: 94947
A19: July | B19: 175410
A20: June | B20: 240387
A21: Mar | B21: 220386
A22: May | B22: 284388
A23: Sep | B23: 72969
A24: Grand Total | B24: 1701165
A27: Row Labels | B27: Sum of MRR
A28: 1
A29: Jan | B29: 94947
A30: 2
A31: Feb | B31: 155418
A32: 3
A33: Mar | B33: 220386
A34: 4
A35: Apr | B35: 187392
A36: 5
A37: May | B37: 284388
A38: 6
A39: Jun | B39: 240387
A40: 7
A41: Jul | B41: 175410
A42: 8
A43: Aug | B43: 269868
A44: 9
A45: Sep | B45: 72969
A46: Grand Total | B46: 1701165

Sheet KPI Table
A3: Month | B3: ARR | C3: MRR | D3: New MRR | E3: Churned MRR | F3: Net MRR | G3: Active Customer | H3: Churn Rate | I3: ARPU | J3: Month Num
A4: Jan | B4: 113364 | C4: 94947 | D4: 14994 | E4: 0 | G4: 78 | H4: 0 | I4: 1217.27 | J4: 1
A5: Feb | B5: 1865016 | C5: 155418 | D5: 4998 | E5: 0 | G5: 117 | H5: 0 | I5: 1328.68 | J5: 2
A6: Mar | B6: 2644632 | C6: 220386 | D6: 6996 | E6: 0 | G6: 167 | H6: 0 | I6: 1319.98 | J6: 3
A7: Apr | B7: 2248704 | C7: 187392 | D7: 12492 | E7: 0 | G7: 155 | H7: 0 | I7: 1208.98 | J7: 4
A8: May | B8: 3412656 | C8: 284388 | D8: 19998 | E8: 0 | G8: 158 | H8: 0 | I8: 1799.92 | J8: 5
A9: Jun | B9: 2884644 | C9: 240387 | D9: 20997 | E9: 0 | G9: 158 | H9: 0 | I9: 1521.44 | J9: 6
A10: Jul | B10: 2104920 | C10: 175410 | D10: 5997 | E10: 0 | G10: 135 | H10: 0 | I10: 1299.33 | J10: 7
A11: Aug | B11: 3238416 | C11: 269868 | D11: 16992 | E11: 0 | G11: 168 | H11: 0 | I11: 1606.36 | J11: 8
A12: Sep | B12: 875628 | C12: 72969 | D12: 0 | E12: 24990 | G12: 48 | H12: 0.29 | I12: 1520.19 | J12: 9
G20: =B4 -> 113364
D21: =C6 -> 220386

Sheet MRR Trend
A1: Active | B1: Yes
A3: Row Labels | B3: Sum of Monthly Price
A4: Jan | B4: 94947
A5: Feb | B5: 155418
A6: Mar | B6: 220386
A7: Apr | B7: 187392
A8: May | B8: 284388
A9: Jun | B9: 212895
A10: Jul | B10: 175410
A11: Aug | B11: 269868
A12: Sep | B12: 72969
A13: Grand Total | B13: 1673673

Sheet Active vs Cancelled
A3: Count of Subscription ID | B3: Column Labels
A4: Row Labels | B4: Basic | C4: Enterprise | D4: Free | E4: Pro
A5: Active | B5: 431 | C5: 50 | D5: 289 | E5: 180
A6: Canceled | B6: 116 | C6: 8 | D6: 73 | E6: 53
A7: Grand Total | B7: 547 | C7: 58 | D7: 362 | E7: 233

Sheet Arpu
A3: Row Labels | B3: Sum of ARPU | C3: Sum of Column1
A4: Apr | B4: 1208.98 | C4: 4
A5: Aug | B5: 1606.36 | C5: 8
A6: Feb | B6: 1328.68 | C6: 2
A7: Jan | B7: 1217.27 | C7: 1
A8: July | B8: 1299.33 | C8: 7
A9: June | B9: 1521.44 | C9: 6
A10: Mar | B10: 1319.98 | C10: 3
A11: May | B11: 1799.92 | C11: 5
A12: Sep | B12: 1520.19 | C12: 9
A13: Grand Total | B13: 12822.15 | C13: 45

Sheet Churn
A1: Subscription Status | B1: Canceled
A3: Row Labels | B3: Churn Count
A4: Mar | B4: 2
A5: Apr | B5: 8
A6: May | B6: 10
A7: Jun | B7: 10
A8: Jul | B8: 28
A9: Aug | B9: 34
A10: Sep | B10: 158
A11: Grand Total | B11: 250
